Subject,ReadEng_Unadj,ReadEng_AgeAdj,PicVocab_Unadj,PicVocab_AgeAdj,Language_Task_Acc,Language_Task_Median_RT,Language_Task_Story_Acc,Language_Task_Story_Median_RT,Language_Task_Story_Avg_Difficulty_Level,Language_Task_Math_Acc,Language_Task_Math_Median_RT,Language_Task_Math_Avg_Difficulty_Level
100206,113.546,103.4441,119.8914,117.0361,96.875,3208.0,100.0,3020.75,9.071,93.75,3395.25,1.964
100307,111.07,98.73,107.2,96.81,80.417,3463.375,87.5,3144.0,9.607,73.333,3782.75,2.893
100408,131.81,125.64,134.24,132.63,97.222,3664.0,100.0,3612.5,10.482,94.444,3715.5,3.107
100610,141.3166,132.4124,140.8151,146.5971,100.0,3540.25,100.0,3238.75,12.446,100.0,3841.75,3.107
101006,113.5374,101.1697,95.42348,69.45302,83.611,3414.25,83.333,3048.0,11.393,83.889,3780.5,1.571
101107,119.2434,112.9757,119.8459,116.9699,82.917,4081.375,87.5,4045.75,10.321,78.333,4117.0,3.036
101309,106.9173,92.68638,123.3551,121.3679,91.667,3873.25,100.0,3490.5,9.375,83.333,4256.0,1.964
101410,113.5714,101.2901,112.2394,99.97051,81.25,3589.0,75.0,3375.75,11.714,87.5,3802.25,1.25
101915,120.95,113.58,121.63,113.17,88.125,3626.75,87.5,3383.25,11.518,88.75,3870.25,1.321
102008,128.1398,123.9263,124.8017,123.7913,87.5,3659.625,87.5,3402.0,9.893,87.5,3917.25,1.964
102109,115.1095,106.2624,122.3403,119.7597,85.0,3847.125,100.0,3625.0,8.232,70.0,4069.25,1.964
102311,110.8,98.26,116.52,112.16,80.0,4135.25,100.0,4202.0,6.304,60.0,4068.5,3.107
102513,124.8705,118.5772,121.2287,112.5362,81.944,3393.125,75.0,3252.75,10.75,88.889,3533.5,1.821
102614,106.7909,92.45191,112.6225,107.1083,100.0,3270.5,100.0,3147.0,12.571,100.0,3394.0,3.107
102715,121.6283,116.2795,124.4154,123.2858,96.875,3697.5,100.0,3628.25,12.286,93.75,3766.75,3.107
103010,115.394,106.7579,105.4383,93.02147,89.167,4225.875,83.333,4126.25,11.679,95.0,4325.5,2.536
103111,118.7641,110.2203,123.1029,114.8949,94.722,3424.75,100.0,3150.5,11.518,89.444,3699.0,3.107
103212,127.1703,121.4059,124.138,117.5293,90.625,3299.5,100.0,3319.25,12.286,81.25,3279.75,3.107
103414,111.35,99.07,108.83,99.8,90.972,3875.0,87.5,3764.0,10.607,94.444,3986.0,2.607
103515,87.66,67.27,102.58,87.36,80.227,3297.375,100.0,2801.75,6.5,60.455,3793.0,1.964
103818,120.49,112.95,130.89,128.16,86.667,3795.375,100.0,3418.25,10.107,73.333,4172.5,3.107
104012,102.5179,86.4437,107.49,97.16158,63.333,3498.0,75.0,3259.0,8.536,51.667,3737.0,1.571
104416,128.4841,122.4943,124.514,118.1042,94.375,3472.25,100.0,3135.75,11.661,88.75,3808.75,1.964
104820,103.5371,86.05419,99.55872,76.44249,81.944,3296.125,75.0,3157.25,10.339,88.889,3435.0,1.321
105014,130.17,125.99,115.13,110.52,97.5,3124.125,100.0,2892.0,11.929,95.0,3356.25,1.964
105115,119.17,111.07,121.81,113.4,94.375,3256.75,100.0,2832.75,11.786,88.75,3680.75,1.964
105216,125.67,121.59,126.21,126.51,100.0,2584.625,100.0,2762.5,12.571,100.0,2406.75,1.964
105620,125.504,119.3408,120.2309,111.403,95.0,3288.125,100.0,3086.25,10.607,90.0,3490.0,3.107
105923,129.6218,123.7607,114.8966,103.9747,85.417,3628.5,87.5,3649.5,9.179,83.333,3607.5,2.893
106016,117.37,108.15,115.38,104.75,91.25,3327.125,100.0,3066.5,10.964,82.5,3587.75,3.107
106319,131.75,127.66,126.34,126.74,92.5,3587.25,100.0,3352.75,9.839,85.0,3821.75,1.964
106521,135.9465,130.3199,125.0447,124.2095,100.0,4014.25,100.0,3941.0,11.929,100.0,4087.5,3.107
106824,119.5151,113.3487,123.0852,120.7369,88.125,3398.625,87.5,3049.25,11.536,88.75,3748.0,2.464
107018,120.6881,114.7943,121.8928,119.3654,91.944,3294.125,100.0,3025.75,11.25,83.889,3562.5,1.964
107220,122.0843,117.1965,122.9939,120.5509,95.0,3295.5,100.0,3055.0,11.0,90.0,3536.0,2.5
107321,123.78,118.84,128.4,130.2,96.429,3408.0,100.0,3025.5,12.161,92.857,3790.5,3.107
107422,134.8629,129.8786,133.0329,134.2571,93.75,3269.375,100.0,2954.75,12.143,87.5,3584.0,3.107
107725,107.0862,91.00412,99.54417,76.41906,86.136,3622.375,100.0,3267.5,8.036,72.273,3977.25,1.964
108020,110.5715,97.84483,115.7674,111.3834,96.875,3392.75,100.0,3158.75,12.0,93.75,3626.75,3.107
108121,113.59,103.64,117.21,113.17,77.639,3448.75,87.5,2882.0,9.321,67.778,4015.5,2.893
108222,124.2336,117.8864,127.3699,122.2386,91.667,3378.0,100.0,3260.5,10.875,83.333,3495.5,3.107
108323,115.11,106.27,111.61,105.76,90.972,3288.75,87.5,2997.0,11.732,94.444,3580.5,1.964
108525,103.24,87.07,106.37,95.11,83.095,4224.25,83.333,3918.0,7.911,82.857,4530.5,1.393
108828,119.15,111.0,118.8,109.34,86.25,3939.625,87.5,3262.0,9.821,85.0,4617.25,1.321
109123,121.1665,113.8734,129.1086,126.0032,97.222,3202.5,100.0,3037.5,10.607,94.444,3367.5,3.107
109325,105.6195,88.74304,110.6675,97.06145,73.75,3316.625,75.0,2852.25,9.536,72.5,3781.0,1.321
109830,128.7907,124.5156,123.7174,121.8716,90.625,3217.625,100.0,2817.25,11.429,81.25,3618.0,3.107
110007,108.4767,93.16592,113.4609,101.9936,75.139,3526.75,87.5,3226.0,7.482,62.778,3827.5,3.036
110411,125.44,119.22,126.18,120.91,95.0,3566.125,100.0,3453.5,11.232,90.0,3678.75,3.107
110613,121.6983,116.3127,121.337,118.8021,86.944,3583.0,100.0,3679.5,9.732,73.889,3486.5,3.107
111009,118.366,111.8473,153.0889,153.0889,96.429,3150.125,100.0,3040.25,12.429,92.857,3260.0,3.107
111211,120.8398,114.9491,123.0176,120.6439,93.75,3446.625,100.0,3114.0,12.161,87.5,3779.25,3.107
111312,96.09,76.58,107.67,90.92,77.639,3613.375,87.5,3418.0,9.339,67.778,3808.75,2.607
111413,119.01,112.3,109.41,101.2,88.929,3447.5,100.0,3102.75,9.286,77.857,3792.25,1.964
111514,123.8282,118.705,146.9198,147.5815,96.429,3622.0,100.0,3298.5,12.018,92.857,3945.5,3.107
111716,128.71,122.63,123.57,116.05,97.5,3494.875,100.0,3128.25,11.929,95.0,3861.5,1.964
112112,120.0745,113.9437,123.1805,121.0448,97.222,3470.625,100.0,3496.5,10.232,94.444,3444.75,1.964
112314,113.6531,101.4668,121.6903,113.2405,88.889,3576.625,100.0,3566.25,8.232,77.778,3587.0,2.607
112819,116.64,108.76,126.18,126.47,,,,,,,,
112920,116.5932,106.5381,123.8164,116.6878,100.0,3281.875,100.0,3031.25,12.446,100.0,3532.5,3.107
113215,128.18,123.94,120.31,117.54,94.722,3193.0,100.0,2792.25,11.333,89.444,3593.75,1.75
113316,128.293,124.0343,104.8695,91.91275,88.472,3491.5,87.5,3358.25,11.036,89.444,3624.75,1.893
113417,122.0059,115.1373,110.9909,97.86176,,,,,,,,
113619,121.12,113.81,128.7,124.75,91.875,3460.0,100.0,2977.5,10.321,83.75,3942.5,1.964
113821,119.3,113.07,115.48,111.04,,,,,,,,
113922,106.78,90.5,111.37,98.52,92.222,3614.75,100.0,3296.5,10.679,84.444,3933.0,3.107
114116,118.2538,109.4368,108.4152,92.29438,87.5,3872.875,87.5,3964.0,12.018,87.5,3781.75,3.036
114217,140.1555,130.2883,116.0618,105.5423,96.875,3867.125,100.0,4025.0,11.714,93.75,3709.25,3.107
114318,123.4728,118.4968,109.7207,101.9079,75.227,3156.75,75.0,3085.75,7.048,75.455,3227.75,2.821
114419,117.8108,108.7584,118.1519,108.2175,93.75,3047.875,87.5,2822.75,12.446,100.0,3273.0,2.893
114621,119.2225,112.9296,113.4061,107.9959,91.944,3490.125,100.0,3250.25,11.5,83.889,3730.0,3.107
114823,141.0733,130.8151,123.072,114.8731,85.417,3566.0,87.5,3552.0,9.554,83.333,3580.0,2.607
114924,96.62,79.02,97.71,77.93,86.364,3730.75,100.0,3152.0,6.804,72.727,4309.5,1.964
115017,123.8177,117.4085,108.8303,92.96307,91.25,3503.5,87.5,3219.25,11.679,95.0,3787.75,2.607
115219,119.2439,111.2563,135.4472,133.761,83.889,3629.0,100.0,2938.75,9.964,67.778,4319.25,3.107
115320,106.23,89.71,107.8,91.26,79.886,3718.5,87.5,3550.25,7.768,72.273,3886.75,1.964
115724,102.2321,86.01183,101.4302,85.25415,84.444,3549.75,100.0,3303.0,8.768,68.889,3796.5,1.964
115825,96.06393,78.13371,92.84103,69.59044,69.375,3809.625,62.5,3555.0,10.804,76.25,4064.25,1.25
116120,103.48,86.0,101.07,78.77,,,,,,,,
116221,113.662,103.7813,118.061,114.211,94.722,3670.0,100.0,3289.0,10.893,89.444,4051.0,3.107
116423,93.16209,74.45347,110.2366,102.9178,,,,,,,,
116524,98.37,80.83,95.63,74.63,77.917,4049.25,87.5,3874.0,8.589,68.333,4224.5,2.607
116726,131.9735,128.0397,113.7863,108.4707,95.833,4264.125,100.0,4351.25,12.161,91.667,4177.0,3.107
117021,122.475,115.9135,130.0459,127.1666,94.444,3374.875,100.0,2970.25,10.464,88.889,3779.5,1.964
117122,122.45,115.9,118.64,109.06,97.222,3356.625,100.0,3239.75,8.321,94.444,3473.5,3.107
117324,106.46,89.94,105.88,87.46,78.75,3805.75,87.5,3071.75,8.339,70.0,4539.75,3.036
117728,112.4629,101.3033,117.6178,113.6777,,,,,,,,
117930,124.5595,118.3183,124.5602,118.2387,84.167,3672.25,100.0,3362.75,9.125,68.333,3981.75,3.107
118023,107.4202,93.4631,114.31,109.1893,89.444,3494.875,100.0,3272.25,10.679,78.889,3717.5,3.107
118124,103.085,85.31203,107.6174,90.69142,79.861,3584.625,87.5,3305.25,8.321,72.222,3864.0,2.607
118225,124.4669,119.6527,124.5263,123.3974,100.0,3344.25,100.0,3019.75,12.571,100.0,3668.75,3.107
118528,108.8,95.53,118.67,115.13,73.75,3460.5,87.5,3182.0,8.393,60.0,3739.0,1.321
118730,106.67,92.22,113.72,108.4,88.889,3898.125,100.0,3540.25,10.036,77.778,4256.0,3.107
118831,128.9936,124.6994,135.6653,140.0933,94.722,3616.75,100.0,3378.25,11.643,89.444,3855.25,3.107
118932,122.32,117.51,110.63,103.89,86.25,3822.625,100.0,3835.0,9.768,72.5,3810.25,3.107
119025,126.8451,122.8106,130.3676,132.4502,91.667,3635.125,100.0,3238.25,11.714,83.333,4032.0,3.107
119126,109.9567,96.90819,105.9275,94.15465,80.694,3550.5,87.5,3557.25,9.036,73.889,3543.75,1.964
119732,120.0374,112.3068,121.8928,113.442,94.444,3692.875,100.0,3319.5,9.464,88.889,4066.25,3.107
119833,103.48,87.51,111.45,105.52,94.375,3602.25,100.0,3343.25,11.643,88.75,3861.25,3.107
120010,134.6275,129.6689,132.4742,133.8917,,,,,,,,
120111,121.2,115.54,119.1,115.7,90.0,3340.125,100.0,3064.5,8.679,80.0,3615.75,3.107
120212,123.53,116.84,126.2,120.98,85.417,3621.75,87.5,3206.5,10.089,83.333,4037.0,1.964
120414,111.3651,99.08466,113.784,108.4599,76.389,3495.375,75.0,3172.25,8.446,77.778,3818.5,1.25
120515,111.0,98.68,106.11,94.59,86.944,3239.0,100.0,2912.5,8.732,73.889,3565.5,1.964
120717,127.0684,121.3676,123.2786,115.461,80.972,3273.0,87.5,2789.5,8.625,74.444,3756.5,2.464
121315,86.2,65.02,94.92,73.09,,,,,,,,
121416,116.231,108.199,119.6009,116.6002,95.833,3033.75,100.0,3127.0,4.589,91.667,2940.5,1.214
121618,116.29,106.02,132.95,130.62,86.111,3900.5,100.0,3287.5,7.839,72.222,4513.5,1.964
121719,110.4753,95.87737,108.4893,92.40833,,,,,,,,
121820,119.0159,110.7132,128.1198,123.6712,,,,,,,,
121921,122.5001,115.9363,123.0852,114.8815,85.069,3160.875,87.5,2847.5,9.304,82.639,3474.25,1.321
122317,104.18,86.85,110.94,97.61,90.625,3826.75,100.0,3625.75,11.732,81.25,4027.75,3.107
122418,126.1293,122.0148,114.9724,110.3501,94.375,3248.75,100.0,3134.75,11.786,88.75,3362.75,3.107
122620,123.74,118.79,110.36,103.32,73.03,3426.125,83.333,3141.0,7.054,62.727,3711.25,1.571
122822,115.1137,104.2317,115.7786,105.2995,87.5,3532.125,87.5,3356.0,11.589,87.5,3708.25,2.214
123117,108.43,95.14,109.67,101.79,72.708,3812.0,66.667,4345.0,9.554,78.75,3279.0,1.357
123420,101.5717,85.14037,115.5518,111.153,80.972,3403.875,87.5,3068.0,8.911,74.444,3739.75,2.893
123521,126.7233,122.5732,115.3583,110.8122,96.875,3557.375,100.0,3344.75,12.161,93.75,3770.0,3.107
123723,101.6404,83.59125,106.2108,88.21137,79.444,3309.25,75.0,2969.0,11.643,83.889,3649.5,1.25
123925,124.01,119.06,103.19,88.71,86.25,3498.5,87.5,2919.5,10.464,85.0,4077.5,1.321
124220,106.5,90.0,107.3,90.14,80.417,3751.625,87.5,3426.25,9.964,73.333,4077.0,2.607
124422,91.33,70.97,108.33,92.16,77.639,3838.125,87.5,3393.5,7.625,67.778,4282.75,1.893
124624,111.6256,99.69765,118.8523,115.3188,96.429,3519.75,100.0,3290.25,12.286,92.857,3749.25,3.107
124826,120.9202,113.4859,128.207,123.8281,82.639,3474.0,100.0,3126.75,9.69,65.278,3821.25,3.131
125222,130.1292,125.9454,124.9112,124.1046,100.0,3104.0,100.0,3123.25,11.179,100.0,3084.75,1.964
125424,119.8836,112.1175,117.5039,107.3107,85.417,3568.0,87.5,3454.0,9.708,83.333,3682.0,2.0
125525,103.61,86.28,105.76,87.24,91.875,3763.125,100.0,3167.25,10.482,83.75,4359.0,1.964
126325,124.87,120.23,114.74,109.88,73.75,3646.75,62.5,3196.75,10.036,85.0,4096.75,1.25
126426,103.9257,86.59611,104.2913,84.74355,83.194,3153.625,87.5,2966.75,9.518,78.889,3340.5,2.893
126628,103.97,86.64,107.12,89.87,86.042,3741.125,83.333,3706.75,11.5,88.75,3775.5,1.571
126931,117.35,108.13,111.37,98.52,,,,,,,,
127327,126.3249,122.169,118.6632,115.1126,96.429,3697.625,100.0,3425.75,12.018,92.857,3969.5,3.107
127630,126.6443,122.4219,112.7767,107.2655,100.0,3379.0,100.0,3196.5,10.536,100.0,3561.5,3.107
127731,100.7397,82.53542,113.3287,101.7342,85.511,3827.25,100.0,3385.25,7.911,71.023,4269.25,1.964
127832,108.5761,93.26608,130.0463,127.1674,75.417,3368.5,87.5,3181.75,8.518,63.333,3555.25,1.321
127933,132.65,126.41,117.45,107.26,100.0,3242.625,100.0,2954.75,12.446,100.0,3530.5,1.964
128026,120.8579,113.4177,114.953,104.1817,97.222,3885.375,100.0,3569.25,10.75,94.444,4201.5,3.107
128127,122.31,117.42,117.69,113.75,100.0,3571.75,100.0,3570.25,12.571,100.0,3573.25,3.107
128329,113.5541,101.2605,123.5906,116.134,,,,,,,,
128632,107.25,91.18,114.35,103.13,82.639,3760.75,87.5,3404.0,8.982,77.778,4117.5,1.893
128935,141.8487,130.9105,131.0498,128.957,97.5,3345.0,100.0,3136.75,11.804,95.0,3553.25,1.964
129028,122.54,116.02,122.85,114.71,91.875,3841.625,100.0,3798.5,10.821,83.75,3884.75,3.107
129129,126.2477,120.2215,112.3482,100.2839,90.0,3820.875,100.0,3935.5,9.054,80.0,3706.25,1.964
129331,128.2793,122.23,135.6979,133.8811,91.944,3389.375,100.0,3178.75,11.25,83.889,3600.0,3.107
129432,124.31,119.48,119.7,116.69,,,,,,,,
129533,124.27,117.93,111.99,99.43,,,,,,,,
129634,106.3234,91.68657,110.5733,103.6362,81.875,3754.75,87.5,3541.0,10.393,76.25,3968.5,2.893
129937,108.4442,93.14697,110.57,96.88277,84.167,3534.875,100.0,3348.5,9.25,68.333,3721.25,1.964
130013,118.88,112.12,118.53,114.82,92.5,4002.0,100.0,3736.25,10.446,85.0,4267.75,3.107
130114,129.4267,125.0612,127.8275,129.0164,91.667,3631.125,100.0,3513.75,9.161,83.333,3748.5,3.107
130316,129.63,125.39,129.98,132.32,92.5,3258.375,100.0,2955.5,9.821,85.0,3561.25,3.107
130417,130.3602,126.3363,125.0839,124.2263,88.125,3618.875,87.5,3292.5,11.518,88.75,3945.25,2.893
130518,113.9164,102.2126,117.2631,107.0454,73.75,3403.5,87.5,3153.0,8.196,60.0,3654.0,2.893
130619,134.3721,128.0306,130.8938,128.1598,95.0,3308.625,100.0,3177.25,5.732,90.0,3440.0,2.107
130720,120.454,112.8914,117.4743,107.2811,95.0,3326.375,100.0,3173.0,10.393,90.0,3479.75,3.107
130821,103.4482,87.43815,96.3746,76.06436,68.75,3616.0,54.167,3359.5,9.804,83.333,3872.5,1.143
130922,125.91,119.83,131.19,129.0,94.375,3736.625,100.0,3906.0,11.679,88.75,3567.25,3.107
131217,120.7198,113.2552,115.3752,104.7501,91.667,3432.875,100.0,3264.75,11.571,83.333,3601.0,3.107
131419,129.6218,125.361,119.9508,117.1475,88.194,4207.875,100.0,3901.0,10.375,76.389,4514.75,1.964
131621,126.27,122.15,120.98,118.4,,,,,,,,
131722,135.3573,128.4089,127.6105,122.6961,92.5,3923.5,100.0,3709.0,9.839,85.0,4138.0,3.107
131823,129.1036,124.8172,129.3487,131.6936,88.194,3719.375,87.5,3753.75,10.464,88.889,3685.0,2.214
131924,130.27,126.12,122.22,119.69,79.375,3225.5,75.0,3006.25,10.321,83.75,3444.75,1.571
132017,120.9043,115.0654,127.1616,127.5357,84.167,3813.25,100.0,3063.0,9.536,68.333,4563.5,1.964
132118,118.82,112.08,123.72,121.88,,,,,,,,
133019,114.12,104.35,110.93,104.6,91.875,3838.125,100.0,3392.75,9.946,83.75,4283.5,3.107
133625,123.49,116.79,115.45,104.9,100.0,3705.625,100.0,3588.75,12.446,100.0,3822.5,3.107
133827,114.26,104.55,113.11,107.73,90.625,3343.75,100.0,3311.5,11.0,81.25,3376.0,3.107
133928,112.07,100.82,105.06,92.31,84.167,3343.0,100.0,3047.25,8.821,68.333,3638.75,1.964
134021,94.09068,74.17971,106.5826,88.73827,85.417,3707.875,87.5,3300.75,9.554,83.333,4115.0,1.964
134223,126.5055,120.3854,120.4267,111.6,100.0,3350.0,100.0,3070.25,12.0,100.0,3629.75,1.964
134324,125.34,119.02,107.85,91.42,83.611,3349.875,83.333,3429.0,11.357,83.889,3270.75,1.571
134425,126.3526,122.1792,120.3347,117.594,97.5,3471.0,100.0,3386.25,11.179,95.0,3555.75,3.107
134627,124.3496,119.5553,120.2083,117.5252,86.111,3520.0,100.0,3141.0,8.964,72.222,3899.0,3.107
134728,112.8457,99.82874,112.6015,100.6612,94.375,3329.625,100.0,2985.25,11.536,88.75,3674.0,1.964
134829,103.9233,86.5884,105.6876,87.02403,72.639,3873.25,70.833,3821.25,9.179,74.444,3925.25,1.429
135124,112.4978,99.07303,114.9569,104.1861,100.0,3436.375,100.0,3290.75,12.304,100.0,3582.0,2.214
135225,113.71,103.96,111.67,105.87,85.625,3850.25,100.0,3486.25,10.25,71.25,4214.25,3.107
135528,93.15,74.45,105.88,94.03,78.194,3462.375,87.5,3121.75,8.643,68.889,3803.0,2.607
135629,117.0778,109.4663,113.0438,107.6329,91.25,3952.25,100.0,3670.5,11.786,82.5,4234.0,3.107
135730,108.1692,94.71246,113.4293,108.0206,91.25,3718.125,100.0,3694.75,11.071,82.5,3741.5,3.107
135932,116.59,106.54,113.88,102.55,94.375,3587.25,100.0,3537.25,11.393,88.75,3637.25,3.107
136227,115.9069,105.5588,116.334,105.9724,88.472,3822.625,87.5,3894.5,11.036,89.444,3750.75,2.893
136631,107.58,93.68968,100.952,84.22622,100.0,3531.5,100.0,3291.0,12.304,100.0,3772.0,2.464
136732,105.6329,88.76752,110.5613,96.83624,92.222,3263.375,100.0,3047.0,10.054,84.444,3479.75,3.107
136833,118.87,110.47,130.9,128.32,94.444,3240.125,100.0,2968.75,10.839,88.889,3511.5,3.107
137027,107.64,91.8,113.1,101.47,83.194,3284.0,87.5,2932.75,10.393,78.889,3635.25,2.893
137128,121.01,113.67,116.39,106.01,83.125,3617.25,87.5,3150.5,9.696,78.75,4084.0,2.893
137229,121.9883,116.8527,126.4815,126.9509,91.667,3307.75,100.0,3094.0,9.679,83.333,3521.5,3.107
137431,119.1634,111.0591,130.1419,127.3326,94.722,3477.75,100.0,3172.0,11.518,89.444,3783.5,3.107
137532,97.7005,78.74939,109.9835,95.42845,92.222,3652.375,100.0,3382.5,9.804,84.444,3922.25,1.964
137633,116.7144,108.8717,109.5157,101.4653,80.0,3742.25,87.5,3456.25,9.679,72.5,4028.25,1.964
137936,102.63,84.78,104.06,84.36,69.583,4128.0,66.667,4301.5,7.929,72.5,3954.5,1.143
138130,127.2036,121.4322,126.1153,120.6771,84.375,3357.375,75.0,3136.75,9.071,93.75,3578.0,1.25
138231,107.91,92.02,105.69,87.03,83.125,3274.0,87.5,3302.0,7.286,78.75,3246.0,1.893
138332,121.1449,115.451,115.2631,110.635,92.5,3789.75,100.0,3648.0,8.429,85.0,3931.5,1.964
138534,106.22,91.56,108.7,99.55,86.25,3577.0,87.5,3466.75,8.964,85.0,3687.25,2.893
138837,100.7036,83.91791,99.81483,82.32327,74.659,3580.875,87.5,3202.25,7.018,61.818,3959.5,1.893
139233,114.3,102.76,117.46,107.27,91.944,3531.125,100.0,3335.25,10.607,83.889,3727.0,3.107
139435,115.1037,106.2556,118.6395,114.9954,72.5,3411.0,62.5,3256.25,10.464,82.5,3565.75,1.25
139637,110.89,96.52,117.41,107.24,83.125,3882.375,87.5,4274.0,9.464,78.75,3490.75,2.893
139839,126.3766,122.1882,128.1123,129.6745,91.944,3191.25,100.0,3093.25,11.214,83.889,3289.25,3.107
140117,114.73,105.53,100.53,83.42,88.75,3466.0,100.0,3016.0,10.321,77.5,3916.0,1.964
140319,118.0674,109.0388,119.2123,109.9576,72.917,3606.625,87.5,3527.5,7.232,58.333,3685.75,2.607
140420,99.68,82.45,106.86,96.17,90.625,3096.0,100.0,2870.0,11.304,81.25,3322.0,1.964
140824,122.44,115.89,128.26,123.88,91.667,3284.25,100.0,3075.5,9.661,83.333,3493.0,1.964
140925,86.2,65.02,92.97,69.7,79.861,3402.375,87.5,3028.25,9.196,72.222,3776.5,2.893
141119,131.9011,128.0018,122.8394,120.3801,85.694,2878.875,87.5,2486.0,11.5,83.889,3271.75,2.607
141422,122.7735,116.2455,124.5884,118.2637,96.429,3458.75,100.0,3089.75,12.429,92.857,3827.75,3.107
141826,84.2,60.11,99.67,81.94,82.5,4111.75,87.5,3348.5,10.054,77.5,4875.0,1.893
142424,88.32,67.21,95.87,70.11,,,,,,,,
142828,126.83,121.01,116.32,105.96,88.75,3896.75,100.0,3606.25,9.375,77.5,4187.25,3.107
143224,118.9618,112.2158,125.5795,125.2211,91.25,3629.25,100.0,3458.25,10.607,82.5,3800.25,3.107
143325,119.25,111.26,118.89,109.54,84.167,3753.875,100.0,3467.75,8.696,68.333,4040.0,1.964
143426,115.7016,105.2217,110.2021,95.94632,86.944,3527.875,100.0,3139.5,9.411,73.889,3916.25,3.107
143527,118.77,112.03,118.33,114.71,,,,,,,,
143830,108.0638,94.52475,104.7913,91.73907,88.889,3470.125,100.0,3251.25,9.667,77.778,3689.0,3.131
144125,109.9254,95.05669,98.27034,74.10113,86.667,3554.5,100.0,3024.0,9.607,73.333,4085.0,1.893
144226,90.82,70.42,104.77,85.34,78.75,3424.0,87.5,3091.25,11.214,70.0,3756.75,2.464
144428,114.18,104.44,112.13,106.32,96.875,3306.125,100.0,3327.25,12.571,93.75,3285.0,3.107
144731,134.8629,128.1176,134.3546,132.7172,97.5,3773.625,100.0,3871.25,11.179,95.0,3676.0,3.107
144832,111.1091,98.76199,117.5488,113.5742,91.25,3448.125,100.0,3194.25,11.786,82.5,3702.0,3.107
144933,119.0812,112.4302,117.5291,113.5219,93.75,3829.0,87.5,3833.5,12.429,100.0,3824.5,2.893
145127,115.0681,106.2066,122.1825,119.6438,79.722,3373.0,75.0,3124.25,10.089,84.444,3621.75,1.321
145531,113.68,101.54,113.21,101.63,,,,,,,,
145632,121.5229,116.1664,127.8803,129.351,87.222,3505.625,100.0,3135.0,8.518,74.444,3876.25,3.107
145834,121.3,115.78,125.42,124.94,85.417,3604.25,87.5,3139.0,9.304,83.333,4069.5,2.464
146129,118.1983,111.2209,114.1005,108.86,94.375,3483.0,100.0,3358.25,11.661,88.75,3607.75,3.107
146331,108.16,94.68,92.47,68.71,81.944,3744.75,87.5,3170.25,8.333,76.389,4319.25,2.881
146432,120.7051,113.2199,119.4713,110.3988,100.0,3629.375,100.0,3508.25,12.571,100.0,3750.5,3.107
146533,125.5651,121.3874,117.913,113.9937,85.0,3314.25,75.0,3019.5,10.179,95.0,3609.0,1.75
146634,104.8052,89.9347,125.2963,126.029,86.944,3742.75,100.0,3547.0,9.411,73.889,3938.5,3.107
146735,100.4734,81.9696,110.0955,95.66682,90.179,3213.125,87.5,2921.25,12.286,92.857,3505.0,2.893
146836,110.6315,98.00652,112.0827,106.2438,89.167,3471.125,100.0,2997.0,10.732,78.333,3945.25,1.964
146937,115.7193,105.284,126.4283,121.3602,89.167,3304.375,100.0,2871.5,10.786,78.333,3737.25,3.107
147030,122.98,118.19,118.77,115.26,96.429,3514.0,100.0,3383.25,12.446,92.857,3644.75,3.107
147636,121.5863,116.2613,109.5721,101.6183,92.222,4052.375,100.0,4217.25,11.107,84.444,3887.5,3.107
147737,107.9434,92.05086,130.6681,127.4767,95.0,3492.125,100.0,3217.75,10.482,90.0,3766.5,3.107
148032,125.26,118.92,122.88,114.75,95.0,3422.0,100.0,3210.5,10.482,90.0,3633.5,3.107
148133,135.7199,130.2849,123.2349,121.2009,100.0,3681.75,100.0,3579.75,12.571,100.0,3783.75,3.107
148335,130.74,124.9,126.33,121.21,80.139,3220.625,87.5,2892.75,9.607,72.778,3548.5,1.964
148436,108.0736,92.35883,110.3152,96.22433,82.917,3472.75,70.833,3130.0,11.179,95.0,3815.5,1.429
148840,113.27,102.97,113.87,108.59,91.667,3348.75,100.0,3064.5,9.054,83.333,3633.0,3.107
148941,119.141,112.6219,114.9241,110.1767,83.125,3737.875,87.5,3204.0,9.304,78.75,4271.75,2.893
149236,134.9019,129.9323,137.4778,145.006,93.75,3344.875,100.0,3147.5,12.429,87.5,3542.25,3.107
149337,118.4,109.66,116.69,106.47,85.972,3752.625,87.5,3540.5,10.679,84.444,3964.75,2.607
149539,135.81,130.3,125.62,125.37,94.375,3853.0,100.0,3627.5,11.661,88.75,4078.5,3.107
149741,111.94,100.54,101.57,85.43,86.667,3835.0,100.0,3374.75,9.482,73.333,4295.25,3.107
149842,124.6814,118.3431,110.8928,97.49862,97.222,3396.5,100.0,3034.0,11.25,94.444,3759.0,1.964
150019,112.7323,101.909,107.1996,96.81723,80.694,3772.625,87.5,3504.25,9.125,73.889,4041.0,2.893
150423,118.0,108.98,124.06,117.35,84.848,3469.625,100.0,3277.75,8.893,69.697,3661.5,1.964
150524,120.5,114.45,107.18,96.78,84.154,3437.875,87.5,3111.25,9.857,80.808,3764.5,2.893
150625,115.84,107.67,114.65,109.7,94.722,3594.375,100.0,3175.25,11.25,89.444,4013.5,1.964
150726,130.84,126.94,115.33,110.74,100.0,3654.5,100.0,3294.5,12.446,100.0,4014.5,3.107
150928,112.8431,102.3029,122.6043,119.9597,86.607,3619.0,87.5,3107.75,12.304,85.714,4130.25,1.321
151021,105.5984,88.69249,109.2954,93.96638,88.75,3168.875,87.5,2832.75,10.232,90.0,3505.0,1.321
151223,105.41,90.26,104.9,91.99,83.125,4193.125,100.0,3895.25,8.839,66.25,4491.0,3.107
151324,108.0222,94.41315,106.8057,96.08372,90.179,4327.125,87.5,3836.0,12.429,92.857,4818.25,3.036
151425,124.5489,119.7719,114.8708,110.1132,94.375,3233.75,100.0,3138.75,11.786,88.75,3328.75,3.107
151526,116.87,109.13,118.48,114.79,82.639,4163.625,87.5,3532.75,9.536,77.778,4794.5,1.964
151627,124.0,117.61,119.43,110.26,94.375,3357.375,100.0,3087.5,11.5,88.75,3627.25,3.107
151728,125.26,118.92,125.79,120.24,89.375,3428.125,100.0,3038.75,9.679,78.75,3817.5,3.107
151829,121.5629,114.5593,111.1107,98.15877,100.0,3488.5,100.0,3381.0,12.446,100.0,3596.0,3.107
151930,126.5796,120.4796,129.4895,126.4966,100.0,3709.125,100.0,3702.75,12.304,100.0,3715.5,3.107
152225,133.721,127.2749,145.2734,145.8231,100.0,3720.25,100.0,3312.75,12.571,100.0,4127.75,3.107
152427,125.7007,119.6161,124.7792,118.5645,95.0,3411.75,100.0,3218.25,11.232,90.0,3605.25,3.107
152831,132.7345,126.5155,132.3688,130.168,88.889,3807.125,100.0,3576.75,8.911,77.778,4037.5,3.107
153025,111.63,99.71,110.61,103.8,89.444,3289.75,100.0,3024.25,9.911,78.889,3555.25,1.964
153126,109.3615,96.29547,111.4647,105.5462,80.694,3379.75,87.5,3128.5,9.607,73.889,3631.0,2.893
153227,99.92009,81.24004,116.651,106.4384,84.167,3728.0,100.0,3209.0,8.982,68.333,4247.0,3.107
153429,121.26,114.04,130.71,127.59,97.5,3299.625,100.0,3025.75,11.179,95.0,3573.5,3.107
153631,117.9643,110.8225,119.3331,115.9501,88.75,3575.0,100.0,3499.25,9.482,77.5,3650.75,3.107
153732,103.1036,86.89497,100.4555,83.34012,77.083,3473.25,87.5,3052.5,9.768,66.667,3894.0,2.607
153833,104.5405,89.08701,108.1316,98.4372,80.694,3773.625,87.5,3259.75,8.964,73.889,4287.5,2.893
153934,124.4921,118.2554,116.4706,106.0945,100.0,3822.875,100.0,3671.0,12.446,100.0,3974.75,2.214
154229,121.1854,115.5135,114.8764,110.1175,97.5,3320.375,100.0,3152.5,11.179,95.0,3488.25,3.107
154330,124.22,117.87,126.66,121.57,100.0,3425.0,100.0,3157.25,12.571,100.0,3692.75,3.107
154431,111.53,99.39,109.15,100.62,76.944,3353.5,75.0,3063.75,10.393,78.889,3643.25,1.321
154532,103.5347,87.58138,105.6663,93.51323,84.167,3414.25,100.0,3124.75,9.0,68.333,3703.75,3.107
154734,123.3659,116.6408,126.5832,121.4939,97.5,3659.625,100.0,3418.0,11.679,95.0,3901.25,3.107
154835,110.9118,96.60542,110.7845,97.32089,91.875,3335.625,100.0,2967.75,10.321,83.75,3703.5,1.964
154936,106.57,92.09,99.54,81.67,82.5,3817.875,100.0,3364.25,8.071,65.0,4271.5,1.964
155231,123.0121,116.3591,128.9271,125.5443,91.319,3338.875,100.0,3132.0,9.821,82.639,3545.75,1.893
155635,115.52,107.06,118.29,114.66,88.125,3225.75,100.0,2903.75,10.464,76.25,3547.75,3.107
155938,121.2317,115.5884,125.9663,126.2436,100.0,3805.25,100.0,3474.0,12.571,100.0,4136.5,3.107
156031,113.2085,100.6803,118.477,108.7224,93.75,3372.375,100.0,3131.25,12.143,87.5,3613.5,3.107
156233,104.6023,89.61342,99.68977,81.63451,94.792,4126.75,100.0,3773.5,5.167,89.583,4480.0,3.25
156334,103.91,88.12,111.15,105.0,85.694,3307.75,87.5,2936.25,11.25,83.889,3679.25,2.893
156435,122.3832,117.609,113.2644,107.9088,93.75,3014.375,87.5,2960.0,12.446,100.0,3068.75,2.893
156536,130.2654,126.115,140.7528,146.5642,97.5,3596.25,100.0,3295.5,11.929,95.0,3897.0,3.107
156637,130.75,124.91,125.93,120.36,94.375,3770.0,100.0,3914.5,10.786,88.75,3625.5,2.464
157336,146.16,132.61,134.26,132.64,91.667,3841.0,100.0,3253.5,11.429,83.333,4428.5,3.107
157437,103.68,86.33,110.26,96.06,82.917,3518.0,83.333,3066.25,11.375,82.5,3969.75,1.571
157942,107.663,91.84423,114.8529,103.8943,100.0,3320.625,100.0,3122.25,11.179,100.0,3519.0,3.107
158035,111.91,98.19,117.53,107.39,77.5,3276.625,75.0,3016.5,9.054,80.0,3536.75,1.607
158136,124.83,118.54,108.93,93.24,82.917,3737.0,83.333,3621.25,10.321,82.5,3852.75,1.571
158338,145.6397,133.9231,137.4778,145.006,91.667,3506.0,100.0,3051.25,11.286,83.333,3960.75,3.107
158540,123.6,117.0,125.42,119.49,89.722,3793.375,100.0,3548.75,9.554,79.444,4038.0,1.964
158843,114.7298,105.5345,116.597,112.3604,86.111,4150.375,100.0,4381.75,8.625,72.222,3919.0,3.036
159138,124.72,118.44,111.84,99.21,97.5,3660.125,100.0,3768.25,11.929,95.0,3552.0,3.107
159239,112.69,99.36,122.73,114.36,100.0,3171.625,100.0,2981.75,11.804,100.0,3361.5,1.964
159340,119.5,113.33,120.44,117.78,86.25,3473.375,100.0,2711.0,9.768,72.5,4235.75,1.964
159441,128.4154,124.2312,128.1601,129.8329,91.875,3527.5,100.0,3639.25,9.607,83.75,3415.75,1.964
159744,116.899,107.2013,113.4137,101.9051,92.222,3250.0,100.0,3108.5,10.339,84.444,3391.5,3.107
159845,115.6588,105.1727,109.2769,93.9433,,,,,,,,
159946,114.4808,104.9859,122.8793,120.4676,100.0,3280.875,100.0,2919.0,12.446,100.0,3642.75,3.107
160123,101.18,83.0,112.67,100.72,87.5,3451.125,87.5,3467.5,11.429,87.5,3434.75,2.881
160729,113.13,102.7839,110.1038,102.6653,91.25,3270.75,87.5,3134.25,11.929,95.0,3407.25,3.036
160830,120.9559,115.1462,119.5788,116.5519,90.625,3611.375,87.5,3405.5,10.143,93.75,3817.25,2.607
160931,110.6214,96.02388,123.4147,115.7478,90.625,3945.625,100.0,3789.0,9.036,81.25,4102.25,3.107
161327,94.13,74.19,99.23,75.57,86.111,3543.75,100.0,3144.5,9.339,72.222,3943.0,1.964
161630,123.93,118.98,117.62,113.68,96.429,3488.375,100.0,3100.5,11.571,92.857,3876.25,1.964
161731,122.71,116.17,122.06,113.56,88.75,3322.875,87.5,3036.5,10.482,90.0,3609.25,2.893
161832,116.7602,108.9206,116.6522,112.4314,94.444,3729.875,100.0,3423.25,10.464,88.889,4036.5,3.107
162026,118.85,110.43,116.91,106.65,95.0,3557.625,100.0,3590.25,11.107,90.0,3525.0,3.107
162228,117.1148,109.6613,113.896,108.7028,94.097,3532.25,100.0,3193.5,8.75,88.194,3871.0,1.964
162329,91.32,72.13,105.52,93.24,81.881,3291.0,87.5,3009.0,8.125,76.263,3573.0,2.607
162733,132.65,128.57,118.34,114.72,83.611,3330.375,100.0,2998.25,10.214,67.222,3662.5,1.964
162935,121.1766,115.4819,117.2298,113.1748,91.25,3704.375,100.0,3063.5,11.25,82.5,4345.25,3.107
163129,114.33,104.65,118.86,115.33,89.722,3162.25,100.0,3038.5,10.179,79.444,3286.0,1.964
163331,120.1091,112.4209,119.9725,111.043,86.944,3528.375,100.0,3134.75,8.696,73.889,3922.0,2.464
163432,116.51,106.35,120.72,112.07,92.857,3537.375,100.0,3254.5,12.143,85.714,3820.25,3.107
163836,98.73049,79.81458,118.8443,109.3524,80.556,3714.5,100.0,3185.0,10.179,61.111,4244.0,1.964
164030,116.17,105.88,115.86,105.36,100.0,3819.875,100.0,3627.0,12.571,100.0,4012.75,3.107
164131,130.13,125.95,130.97,133.0,97.222,3480.0,100.0,3120.75,10.607,94.444,3839.25,3.107
164636,107.4167,93.45853,114.8892,110.1274,88.194,3718.125,87.5,3847.75,9.964,88.889,3588.5,2.214
164939,104.1,88.46,106.29,95.01,83.194,3818.25,87.5,3332.5,9.75,78.889,4304.0,2.893
165032,103.98,88.31,95.62,74.61,86.944,3246.75,100.0,3033.0,9.161,73.889,3460.5,3.107
165234,120.3522,114.7161,150.9098,153.0889,,,,,,,,
165436,130.7467,126.7981,125.7097,125.6228,97.5,3682.25,100.0,3307.5,11.179,95.0,4057.0,3.107
165638,129.6218,125.361,136.049,141.0514,88.125,3302.625,87.5,3101.75,11.661,88.75,3503.5,2.893
165840,115.2,104.39,115.03,104.3,87.5,3937.125,87.5,3668.5,11.929,87.5,4205.75,2.881
165941,107.5797,93.68906,108.7836,99.73219,80.694,3672.125,87.5,3468.25,10.286,73.889,3876.0,2.893
166438,127.68,121.92,119.1,109.83,96.875,3363.5,100.0,2904.5,10.893,93.75,3822.5,3.107
166640,119.2208,112.9218,116.966,112.7469,94.444,3652.25,100.0,3283.0,9.518,88.889,4021.5,1.964
167036,112.52,99.09,112.82,100.95,91.25,3434.75,87.5,3367.5,11.679,95.0,3502.0,2.607
167238,115.3645,104.5807,112.2093,99.89383,100.0,3187.75,100.0,2869.0,12.571,100.0,3506.5,1.964
167440,120.5032,113.0443,113.9494,102.6465,90.0,3279.875,100.0,3087.75,8.679,80.0,3472.0,3.107
167743,122.41,117.62,108.81,99.77,90.625,3533.125,87.5,3178.75,11.875,93.75,3887.5,2.893
168038,105.6693,90.56195,106.2045,94.84802,,,,,,,,
168139,108.3083,94.95506,122.1224,119.6098,86.944,3434.875,100.0,3208.5,9.679,73.889,3661.25,1.964
168240,106.597,92.13217,126.7924,127.3658,83.194,3464.0,87.5,3220.25,9.625,78.889,3707.75,2.893
168341,119.15,111.0,134.35,132.72,94.444,4021.25,100.0,4058.5,10.536,88.889,3984.0,1.714
168745,106.5137,92.01805,115.6633,111.2874,79.375,4228.0,87.5,3561.25,9.75,71.25,4894.75,2.893
168947,112.6107,101.5162,116.5913,112.3475,95.0,3677.625,100.0,3474.75,10.482,90.0,3880.5,3.107
169040,112.6534,101.6137,105.1737,92.53405,87.5,3542.375,87.5,3336.75,11.875,87.5,3748.0,2.893
169141,109.0,95.74,112.33,106.67,,,,,,,,
169343,97.43,78.41,90.69,63.69,84.167,3695.25,100.0,3463.0,9.161,68.333,3927.5,1.964
169444,126.4789,120.37,123.2308,115.3911,89.722,3460.5,100.0,3176.75,9.304,79.444,3744.25,3.107
169747,126.7149,120.7545,118.1377,108.159,91.25,3898.75,100.0,3543.5,10.946,82.5,4254.0,1.964
169949,113.0933,102.7533,113.4016,107.9928,91.25,3370.25,87.5,3041.5,11.929,95.0,3699.0,2.607
170631,117.5,108.28,119.26,110.03,90.179,3950.875,87.5,3919.75,12.571,92.857,3982.0,2.893
170934,100.8103,84.15554,118.3574,114.7352,94.375,3047.75,100.0,2731.25,10.893,88.75,3364.25,1.964
171128,112.0056,98.39664,108.4579,92.34583,,,,,,,,
171330,105.5136,90.42704,119.8787,117.0253,86.25,3577.5,100.0,3036.0,10.179,72.5,4119.0,1.964
171431,100.1561,81.49724,103.0442,82.96337,,,,,,,,
171532,124.0214,117.6438,117.6183,107.6119,91.944,3683.625,100.0,3556.0,10.179,83.889,3811.25,3.107
171633,106.36,91.77,110.29,103.07,91.667,3830.0,83.333,3653.5,12.571,100.0,4006.5,1.571
171734,127.5646,123.4715,112.1026,106.2585,96.875,3561.5,100.0,3715.0,11.036,93.75,3408.0,3.107
172029,113.546,103.4441,110.8088,104.3636,88.472,3910.125,87.5,3833.75,11.5,89.444,3986.5,2.607
172130,107.57,93.67,113.03,107.61,85.417,3880.875,87.5,3780.75,10.464,83.333,3981.0,2.464
172332,103.02,85.15,99.61,76.49,59.091,3680.625,75.0,3673.0,4.875,43.182,3688.25,1.571
172433,108.9928,95.73149,109.9719,102.3281,80.139,3354.875,87.5,2998.25,10.214,72.778,3711.5,2.607
172534,110.42,97.66,114.55,109.57,97.5,3613.5,100.0,3319.5,11.679,95.0,3907.5,3.107
172635,126.3007,120.2398,119.5345,110.4573,93.75,3509.5,100.0,3387.5,11.857,87.5,3631.5,3.107
172938,103.51,86.02,96.46,71.3,80.417,4557.375,87.5,3749.5,9.089,73.333,5365.25,1.893
173132,115.9743,105.6191,124.5133,118.1,,,,,,,,
173233,105.1691,88.05271,123.1066,114.9018,72.854,3197.25,75.0,2897.0,8.143,70.707,3497.5,1.857
173334,140.06,131.62,137.54,145.11,100.0,3518.75,100.0,3201.75,12.571,100.0,3835.75,3.107
173435,122.55,116.03,125.57,119.75,89.444,3446.625,100.0,3104.0,10.054,78.889,3789.25,3.107
173536,121.3263,114.1627,117.2627,107.0446,88.125,3271.375,87.5,2942.5,11.643,88.75,3600.25,2.607
173637,114.8657,105.7283,110.2664,102.9839,94.444,3544.5,100.0,3239.0,10.036,88.889,3850.0,1.964
173738,130.1794,124.2675,135.1487,133.1783,97.5,3336.5,100.0,3627.0,11.179,95.0,3046.0,1.964
173839,106.5325,92.04117,104.0429,90.36139,86.111,3392.375,100.0,3280.25,9.167,72.222,3504.5,2.0
173940,126.17,122.08,118.1,114.34,87.5,3838.125,100.0,3492.25,10.714,75.0,4184.0,3.107
174437,108.74,93.48,101.47,79.77,61.944,3696.75,50.0,3451.5,8.714,73.889,3942.0,1.25
174841,119.0421,112.3452,124.1657,122.9244,90.625,3600.25,100.0,3457.5,12.143,81.25,3743.0,3.107
175035,86.01,64.56,104.0,90.3,75.284,3963.5,87.5,3513.75,6.929,63.068,4413.25,2.893
175136,106.6453,92.17715,114.1786,109.04,97.5,3373.125,100.0,3110.0,11.929,95.0,3636.25,3.107
175237,117.1033,107.6994,122.3772,113.9377,85.417,3544.625,87.5,3251.5,11.446,83.333,3837.75,2.607
175338,115.3504,106.664,115.0555,110.4547,84.375,3496.5,87.5,2833.25,11.714,81.25,4159.75,2.607
175439,93.12,73.22,110.74,97.24,71.389,3664.625,75.0,3504.75,9.339,67.778,3824.5,1.571
175540,134.92,128.13,132.41,130.19,96.875,3385.875,100.0,3146.75,12.0,93.75,3625.0,3.107
175742,109.4593,94.6021,116.2988,105.9309,91.319,3298.375,100.0,3158.5,10.643,82.639,3438.25,3.107
176037,112.6149,99.19353,115.7057,105.2437,91.25,3695.375,100.0,3802.75,11.5,82.5,3588.0,3.107
176239,114.6501,103.4233,122.3403,113.8753,88.194,3714.625,100.0,3591.5,9.833,76.389,3837.75,3.131
176441,129.5944,125.3154,118.9679,115.4986,91.25,3964.75,87.5,4263.75,11.929,95.0,3665.75,1.964
176542,106.86,92.58,118.54,114.82,79.375,3609.625,87.5,3409.25,9.893,71.25,3810.0,2.214
176744,120.263,112.5121,123.8923,117.0251,90.179,3352.5,87.5,2972.25,12.286,92.857,3732.75,1.321
177140,116.366,106.1915,120.6846,112.0608,97.5,3393.375,100.0,3182.0,11.929,95.0,3604.75,1.964
177241,109.1947,96.01463,109.7422,101.9643,91.25,4054.25,100.0,4161.75,11.357,82.5,3946.75,3.107
177342,112.8089,102.2055,104.1514,90.49834,,,,,,,,
177645,117.58,110.34,121.22,118.64,91.875,3474.125,100.0,3102.0,11.107,83.75,3846.25,1.964
177746,126.73,120.79,121.81,113.4,85.0,3288.0,87.5,3093.0,10.607,82.5,3483.0,2.214
178142,135.36,130.23,132.41,133.88,91.25,3728.125,100.0,3227.75,10.607,82.5,4228.5,1.964
178243,104.3683,88.978,102.8098,87.84955,79.167,4044.25,87.5,3573.5,9.524,70.833,4515.0,2.548
178647,109.1304,94.0496,111.109,98.15406,86.944,3408.625,100.0,3110.75,9.393,73.889,3706.5,3.107
178748,114.68,103.47,111.24,98.36,89.444,4387.375,100.0,3871.0,9.625,78.889,4903.75,1.964
178849,113.1191,102.7752,118.3415,114.7164,83.194,3838.75,87.5,3320.25,11.214,78.889,4357.25,1.964
178950,126.87,121.13,110.83,97.41,90.625,3444.75,87.5,3099.0,12.0,93.75,3790.5,1.964
179245,103.4563,85.99522,107.0814,89.85418,91.25,3558.375,87.5,3410.5,11.929,95.0,3706.25,2.893
179346,124.373,119.5923,110.1274,102.7025,91.875,3383.5,100.0,3510.0,10.125,83.75,3257.0,3.107
179548,93.69,75.02,100.86,84.07,78.598,3435.375,87.5,2896.25,7.929,69.697,3974.5,2.214
179952,97.42473,79.74429,106.7156,95.71776,,,,,,,,
180129,106.59,92.12,98.13,78.68,79.861,3990.25,87.5,3978.5,9.232,72.222,4002.0,2.893
180230,122.5554,117.855,126.0044,126.268,97.5,3438.5,100.0,3406.25,11.929,95.0,3470.75,3.107
180432,124.94,118.66,125.97,120.46,86.667,3321.625,100.0,3210.25,10.071,73.333,3433.0,3.107
180533,117.716,108.5911,110.0948,95.66603,100.0,3438.625,100.0,3034.75,12.446,100.0,3842.5,1.964
180735,118.4759,109.7786,120.5634,111.9258,91.25,3911.25,87.5,3671.0,11.179,95.0,4151.5,2.464
180836,114.33,102.79,117.33,107.16,81.845,4052.875,87.5,3360.75,9.232,76.19,4745.0,3.036
180937,131.8461,125.6878,134.2792,132.6604,90.625,3558.875,100.0,3114.25,12.143,81.25,4003.5,3.107
181131,88.65455,67.83402,102.0424,80.92178,79.104,3570.125,87.5,3323.25,7.982,70.707,3817.0,1.964
181232,114.31,104.62,121.11,118.55,86.667,3268.0,100.0,3250.5,9.804,73.333,3285.5,3.107
181636,103.8341,86.50736,101.6262,80.11594,81.944,4016.75,87.5,3799.5,9.357,76.389,4234.0,2.548
182032,119.3896,111.4849,110.9825,97.76701,97.222,3502.375,100.0,3292.25,11.107,94.444,3712.5,3.107
182436,105.8104,88.96639,111.3049,98.42886,79.609,3290.625,87.5,2952.25,7.786,71.717,3629.0,1.321
182739,113.03,100.17,110.18,95.83,79.722,3561.25,75.0,3302.75,10.964,84.444,3819.75,1.25
182840,125.73,119.63,117.31,107.14,92.5,3527.375,100.0,2978.0,9.696,85.0,4076.75,1.964
183034,125.74,119.66,128.6,124.62,92.5,3555.0,100.0,3390.0,9.839,85.0,3720.0,3.107
183337,101.6242,83.56979,100.4641,77.66682,80.417,3682.25,87.5,3746.75,9.232,73.333,3617.75,1.321
183741,128.2912,122.2346,131.1907,129.0,86.25,3047.875,87.5,2628.0,9.464,85.0,3467.75,1.321
185038,106.4497,89.9246,118.6504,109.119,94.375,3508.25,100.0,3134.0,10.893,88.75,3882.5,1.964
185139,114.87,103.82,110.88,97.48,88.131,3733.5,100.0,3457.0,9.214,76.263,4010.0,3.107
185341,110.1555,97.30377,106.3371,95.04762,77.639,3644.375,87.5,3248.75,8.804,67.778,4040.0,2.607
185442,134.631,129.6701,124.2415,123.1127,97.5,3088.375,100.0,2835.75,11.804,95.0,3341.0,3.107
185846,111.5191,99.34869,110.6445,103.9274,85.0,4223.75,100.0,4442.5,8.179,70.0,4005.0,3.107
185947,117.5174,108.2868,120.1457,111.342,88.636,3100.625,100.0,2891.75,8.179,77.273,3309.5,1.964
186040,140.056,131.6158,140.8416,146.6111,97.222,3018.125,100.0,2953.25,10.75,94.444,3083.0,3.107
186141,91.02,70.66,107.78,91.24,81.607,3842.5,87.5,3467.25,9.083,75.714,4217.75,2.0
186444,114.0911,104.3064,118.0758,114.3121,91.667,3318.875,100.0,3063.75,9.054,83.333,3574.0,1.964
186545,114.4487,102.9604,103.7439,84.02151,93.75,3847.375,87.5,3822.75,10.464,100.0,3872.0,2.607
186848,103.4207,87.40129,110.8262,104.396,80.972,3611.0,87.5,3117.25,8.179,74.444,4104.75,1.321
186949,111.1594,98.90871,104.9501,92.13373,77.083,3660.75,62.5,3610.25,12.095,91.667,3711.25,1.56
187143,125.0,120.43,123.59,121.65,97.5,3304.75,100.0,3234.5,11.929,95.0,3375.0,3.107
187345,125.4287,119.1813,130.0463,127.1674,97.5,3813.625,100.0,3695.25,11.179,95.0,3932.0,3.107
187547,122.27,115.46,113.48,102.07,94.375,3546.625,100.0,3458.0,10.893,88.75,3635.25,3.107
187850,103.2814,85.65025,104.8351,85.36307,81.389,3345.75,100.0,2730.75,7.982,62.778,3960.75,1.964
188145,123.4163,116.6807,124.4889,117.9964,97.5,3338.75,100.0,2933.75,11.643,95.0,3743.75,2.214
188347,102.25,86.04,106.23,94.89,91.944,3305.75,100.0,3089.25,8.214,83.889,3522.25,3.131
188448,125.3169,120.881,122.8005,120.2452,100.0,3859.25,100.0,3841.5,12.446,100.0,3877.0,3.107
188549,124.1721,119.2796,122.2997,119.7518,92.222,3423.75,100.0,3074.25,10.339,84.444,3773.25,1.964
188751,119.9379,113.71,110.4183,103.411,93.75,3237.5,87.5,3014.0,12.571,100.0,3461.0,2.607
189349,111.17,98.92,109.36,100.98,85.0,3610.75,87.5,3250.5,11.214,82.5,3971.0,2.464
189450,109.59,96.61,108.1,98.42,89.722,3729.875,100.0,3246.25,9.0,79.444,4213.5,3.107
190031,124.57,119.82,123.66,121.81,91.25,3936.0,100.0,3723.75,11.036,82.5,4148.25,3.107
190132,128.749,122.7544,125.9507,120.4326,,,,,,,,
191033,110.88,98.38,113.7,108.39,90.179,3751.25,87.5,3476.5,12.018,92.857,4026.0,2.893
191235,113.7257,104.0187,113.1324,107.7477,93.75,3369.0,100.0,2932.5,11.875,87.5,3805.5,1.964
191336,120.4,112.76,120.92,112.15,100.0,3795.5,100.0,3651.75,12.571,100.0,3939.25,3.107
191437,113.93,102.24,117.18,106.95,87.222,3738.25,100.0,3406.5,8.036,74.444,4070.0,1.964
191841,114.48,105.0,114.12,108.88,95.0,3465.5,100.0,3232.75,10.393,90.0,3698.25,1.964
191942,112.3828,101.2576,125.4275,124.9577,97.5,3178.625,100.0,3139.75,3.786,95.0,3217.5,2.107
192035,116.0042,105.6342,109.4123,94.20238,96.875,3613.625,100.0,3771.25,8.018,93.75,3456.0,3.107
192136,93.86195,75.10873,101.1325,84.61769,77.222,3887.25,75.0,3752.25,10.464,79.444,4022.25,1.321
192237,112.6398,99.26678,116.1344,105.5894,100.0,3226.375,100.0,2822.5,10.482,100.0,3630.25,1.964
192439,104.98,87.86,100.79,78.04,81.389,3671.625,100.0,3229.25,8.821,62.778,4114.0,1.964
192540,115.97,107.85,105.98,94.27,86.944,3798.75,100.0,3580.5,9.018,73.889,4017.0,3.107
192641,119.7266,112.0045,121.5331,112.9982,91.944,3571.5,100.0,3483.75,11.393,83.889,3659.25,3.107
192843,115.16,106.36,119.88,117.03,88.75,3466.625,87.5,3109.5,11.107,90.0,3823.75,2.607
193239,109.25,94.31,101.08,78.81,86.111,3726.375,83.333,3231.25,10.179,88.889,4221.5,2.821
193441,109.4369,96.38399,112.271,106.631,,,,,,,,
193845,105.9446,91.08729,116.529,112.1854,93.75,3425.375,87.5,3080.25,11.929,100.0,3770.5,2.464
194140,107.98,92.12,104.42,84.92,59.167,3852.875,58.333,4063.0,8.196,60.0,3642.75,1.286
194443,124.9449,120.3351,117.7173,113.7493,93.75,3292.0,100.0,3112.5,11.571,87.5,3471.5,2.131
194645,120.9898,115.2325,102.9776,88.18571,96.429,3661.625,100.0,3294.5,12.0,92.857,4028.75,3.107
194746,123.5326,116.8366,121.2995,112.6158,83.194,3237.125,87.5,2890.0,10.268,78.889,3584.25,1.321
194847,118.53,109.92,117.85,107.83,81.944,3482.0,75.0,3070.5,10.679,88.889,3893.5,1.321
195041,126.2651,120.2287,112.9418,101.1482,86.111,3115.875,100.0,2650.25,11.571,72.222,3581.5,1.964
195445,125.7272,121.7053,118.1443,114.4258,100.0,3433.375,100.0,3460.0,12.571,100.0,3406.75,3.107
195647,110.9,96.54,114.96,104.19,85.0,3566.5,100.0,3595.0,9.0,70.0,3538.0,2.5
195849,111.13,98.82,109.72,101.91,92.222,3586.5,100.0,3451.5,11.107,84.444,3721.5,3.107
195950,110.8987,96.53827,105.4997,86.61907,82.639,3782.5,87.5,3639.5,8.589,77.778,3925.5,1.893
196144,122.9,116.3,109.99,95.43,88.125,3859.75,87.5,3532.75,11.036,88.75,4186.75,2.607
196346,106.5689,92.09071,115.4399,110.9818,96.429,3545.25,100.0,3326.0,11.589,92.857,3764.5,3.107
196750,106.58,92.1,106.88,96.26,77.917,3467.0,87.5,3207.0,9.321,68.333,3727.0,1.321
196851,110.8799,98.39974,116.217,111.7724,93.75,3450.125,87.5,3198.75,12.571,100.0,3701.5,2.607
196952,120.8528,113.4053,124.1364,117.5284,96.429,3119.875,100.0,2694.0,12.429,92.857,3545.75,1.964
197348,129.5969,123.7345,126.8255,121.8297,88.125,3364.5,100.0,3041.25,10.607,76.25,3687.75,3.107
197449,112.1,98.63,104.94,85.66,,,,,,,,
197550,106.48,91.96,110.23,102.87,84.167,3703.0,100.0,3277.75,9.25,68.333,4128.25,1.964
197651,115.97,105.62,118.08,108.08,92.222,3542.25,100.0,3513.0,10.679,84.444,3571.5,3.107
198047,130.57,124.8064,121.103,112.3477,78.611,3458.25,83.333,3387.5,9.911,73.889,3529.0,1.571
198350,125.66,119.58,125.55,119.71,96.875,3613.75,100.0,2991.25,12.0,93.75,4236.25,3.107
198451,111.28,99.02,115.48,111.03,92.222,3582.375,100.0,3011.25,10.464,84.444,4153.5,1.964
198653,120.518,114.5694,110.4944,103.5035,91.875,3543.625,100.0,3336.75,10.321,83.75,3750.5,3.107
198855,121.57,116.25,104.6,91.48,80.0,3966.375,100.0,3803.5,6.411,60.0,4129.25,2.893
199150,106.84,92.51,105.18,92.54,86.944,3702.125,100.0,3288.25,9.036,73.889,4116.0,1.964
199251,129.43,123.6,120.59,111.93,97.5,3377.625,100.0,3269.25,11.679,95.0,3486.0,3.107
199352,124.1406,119.2465,137.5687,145.1715,89.444,3485.25,100.0,3225.0,10.089,78.889,3745.5,3.107
199453,112.25,101.13,119.55,116.44,83.807,3292.25,87.5,2880.75,8.893,80.114,3703.75,2.214
199655,112.71,99.42,109.03,93.41,92.222,3439.625,100.0,3061.0,10.786,84.444,3818.25,3.107
199958,103.27,85.59,121.67,113.19,83.889,3763.125,100.0,3452.0,10.071,67.778,4074.25,3.107
200008,127.9707,122.0077,123.7836,116.6181,92.5,3469.5,100.0,3204.75,10.464,85.0,3734.25,3.107
200109,117.5935,108.3519,115.0595,104.3425,100.0,3441.625,100.0,3139.25,12.446,100.0,3744.0,3.107
200210,134.8629,129.8786,131.2063,133.1794,85.0,3165.375,75.0,2772.0,11.179,95.0,3558.75,1.321
200311,150.705,137.996,133.6614,132.3094,97.5,3321.0,100.0,3101.5,11.929,95.0,3540.5,3.107
200513,120.1667,114.0478,111.694,105.9245,92.5,3220.25,100.0,2810.0,9.839,85.0,3630.5,1.964
200614,108.88,93.66,114.08,102.78,82.5,3465.5,87.5,3104.5,9.625,77.5,3826.5,2.893
200917,123.4622,118.488,117.8552,113.8785,86.607,3422.0,87.5,2989.0,11.714,85.714,3855.0,1.964
201111,113.69,103.85,106.93,96.36,89.375,4115.5,100.0,4127.0,9.75,78.75,4104.0,3.107
201414,130.37,126.36,124.13,122.75,90.0,3940.5,100.0,3755.5,9.554,80.0,4125.5,3.107
201515,122.8524,118.136,125.8662,126.0458,100.0,3405.25,100.0,3318.5,12.571,100.0,3492.0,3.107
201717,111.9867,100.7038,126.4862,128.6437,,,,,,,,
201818,118.92,110.56,124.12,117.51,87.5,3765.125,87.5,3418.0,11.875,87.5,4112.25,3.036
202113,124.0158,119.0637,114.5398,109.5578,100.0,3279.375,100.0,2834.25,12.571,100.0,3724.5,1.964
202719,105.4301,90.27486,118.2223,114.5555,86.944,3429.125,100.0,2924.25,9.536,73.889,3934.0,1.964
202820,112.6154,99.19436,108.8833,93.10353,84.444,3312.625,100.0,3284.75,8.911,68.889,3340.5,3.107
203418,132.65,128.57,129.02,130.91,93.75,3075.875,87.5,2672.5,12.571,100.0,3479.25,1.964
203721,118.42,109.67,115.85,105.36,,,,,,,,
203923,115.822,105.4768,106.8004,89.31237,89.375,3141.75,100.0,2956.75,8.589,78.75,3326.75,1.571
204016,128.6094,122.5828,121.767,113.3498,82.5,3432.125,87.5,3328.0,10.821,77.5,3536.25,3.036
204218,105.8562,90.94104,105.6688,93.52174,94.375,3147.5,100.0,2857.0,10.893,88.75,3438.0,3.107
204319,114.4496,104.8532,119.6225,116.6099,94.375,3245.0,100.0,3025.75,10.75,88.75,3464.25,3.107
204420,122.0404,117.0163,113.2744,107.9117,88.125,3976.375,100.0,3475.0,10.607,76.25,4477.75,2.893
204521,118.0931,109.1166,106.9263,89.55637,97.5,3286.5,100.0,2988.0,11.179,95.0,3585.0,1.964
204622,109.2306,94.27692,107.8739,91.46719,85.625,3437.75,87.5,3022.0,10.321,83.75,3853.5,1.964
205119,116.61,106.57,120.06,111.14,91.25,3458.0,87.5,2900.0,11.804,95.0,4016.0,2.607
205220,121.46,114.27,124.18,117.54,100.0,3502.25,100.0,3294.5,12.571,100.0,3710.0,3.107
205725,116.94,109.27,120.11,117.39,86.25,3516.625,100.0,3341.25,9.893,72.5,3692.0,3.107
205826,129.62,123.76,121.42,112.78,93.75,3697.0,100.0,3560.0,12.304,87.5,3834.0,3.107
206222,114.7284,103.5407,122.4272,113.9972,97.222,3467.375,100.0,3114.25,10.232,94.444,3820.5,3.107
206323,99.88036,81.11553,107.2102,90.02652,79.167,3442.5,75.0,2946.25,11.446,83.333,3938.75,1.25
206525,114.2429,104.5285,133.2912,135.7326,96.429,3289.875,100.0,2979.25,12.304,92.857,3600.5,3.107
206727,104.059,88.38409,106.2063,94.85126,91.875,3731.625,100.0,3573.25,10.643,83.75,3890.0,3.107
206828,129.0995,124.8014,118.3779,114.7432,100.0,3244.25,100.0,3040.0,12.571,100.0,3448.5,3.107
206929,114.555,103.1476,119.7219,110.7401,82.986,3790.875,100.0,3883.5,8.75,65.972,3698.25,3.107
207123,104.8832,87.78759,114.6413,103.5143,96.429,3208.75,100.0,2906.0,12.304,92.857,3511.5,1.964
207426,96.08887,78.16006,116.556,112.2682,84.444,3521.125,100.0,3075.5,8.768,68.889,3966.75,3.107
207628,105.67,88.82,103.3,83.35,,,,,,,,
208024,118.36,109.55,117.03,106.7,81.25,3378.875,75.0,2952.5,11.571,87.5,3805.25,1.571
208125,130.0979,125.9021,120.4676,117.8262,88.125,3221.5,87.5,3211.0,10.75,88.75,3232.0,2.214
208226,123.46,118.49,126.13,126.35,94.375,3705.25,100.0,3541.5,11.786,88.75,3869.0,3.107
208327,113.3058,100.8195,117.4496,107.2604,83.542,3465.5,83.333,3043.75,10.321,83.75,3887.25,1.571
208428,100.49,82.03,103.89,84.17,69.167,3409.25,83.333,3058.25,8.0,55.0,3760.25,1.571
208630,114.4403,102.9536,116.5665,106.2769,96.429,3745.5,100.0,3534.25,12.446,92.857,3956.75,1.964
209127,113.5601,101.269,124.2515,117.6954,91.25,3340.5,100.0,2842.0,11.089,82.5,3839.0,3.107
209228,134.8629,129.8786,128.4495,130.2208,94.722,3552.625,100.0,3279.25,10.661,89.444,3826.0,2.464
209329,120.7908,113.2848,113.0886,101.4599,95.0,3257.625,100.0,3070.5,11.232,90.0,3444.75,3.107
209531,128.7529,122.7631,122.8605,114.7378,,,,,,,,
209834,109.17,95.98,106.22,94.87,69.444,3413.5,83.333,2840.0,6.464,55.556,3987.0,1.357
209935,105.64,90.54,109.65,101.74,82.639,3504.75,87.5,3163.0,8.393,77.778,3846.5,1.464
210011,121.99,116.85,122.99,120.53,93.75,3589.625,100.0,3410.5,12.143,87.5,3768.75,3.107
210112,119.1651,112.7561,114.9571,110.32,86.25,3638.5,100.0,3288.0,10.179,72.5,3989.0,1.964
210415,113.09,102.75,121.63,119.12,78.598,3881.375,87.5,3575.75,8.75,69.697,4187.0,2.893
210617,124.34,118.03,113.03,101.36,88.75,3264.125,87.5,3027.5,10.482,90.0,3500.75,2.893
211114,97.66769,78.69286,99.09957,75.42485,87.222,3363.75,100.0,2967.5,9.661,74.444,3760.0,3.107
211215,150.71,137.87,140.9,146.64,100.0,3276.375,100.0,2980.75,12.571,100.0,3572.0,3.107
211316,124.0462,117.7711,116.5653,106.2763,86.111,4283.0,100.0,4263.0,8.911,72.222,4303.0,1.464
211417,129.49,123.67,121.67,113.19,94.444,3874.5,100.0,3720.75,11.571,88.889,4028.25,3.107
211619,121.2301,115.5874,126.9043,127.3936,94.444,3635.625,100.0,3437.75,11.589,88.889,3833.5,3.107
211720,123.37,116.64,124.14,117.53,85.069,3352.5,87.5,3039.5,9.143,82.639,3665.5,2.893
211821,113.545,103.4414,120.3479,117.6009,91.25,3597.125,100.0,3442.5,11.375,82.5,3751.75,3.107
211922,109.6302,96.62405,101.0231,84.38243,82.639,3592.875,87.5,3210.75,10.321,77.778,3975.0,3.036
212015,132.1965,128.0854,123.7278,121.8853,97.5,3366.75,100.0,3050.0,11.929,95.0,3683.5,3.107
212116,96.70132,77.70728,114.8239,103.8343,84.167,3855.75,100.0,3343.0,8.75,68.333,4368.5,3.107
212217,107.37,93.37,96.02,75.4,71.111,3609.5,83.333,3326.5,5.679,58.889,3892.5,1.25
212318,118.24,109.36,115.91,105.37,85.694,3712.0,87.5,3739.0,10.893,83.889,3685.0,2.893
212419,132.65,128.57,116.5,112.1,86.667,3367.25,100.0,3013.75,10.5,73.333,3720.75,1.964
212823,121.4674,116.0371,123.8052,121.9764,87.5,3802.875,87.5,3649.5,11.857,87.5,3956.25,2.893
213017,104.1119,88.4938,113.0227,107.6023,89.167,3678.375,100.0,3117.5,10.321,78.333,4239.25,3.107
213421,107.766,93.95361,109.4712,101.3903,89.722,3667.875,100.0,3028.0,9.161,79.444,4307.75,1.964
213522,115.4713,106.9596,130.9884,133.0465,94.375,3666.25,100.0,3401.25,11.179,88.75,3931.25,3.107
214019,121.37,114.21,112.48,100.47,88.125,3750.5,100.0,3628.5,10.643,76.25,3872.5,3.107
214221,108.16,94.7,97.82,77.96,87.222,3673.125,100.0,3308.75,8.911,74.444,4037.5,3.107
214423,109.64,96.64,112.53,106.97,92.5,3382.5,100.0,3174.25,9.268,85.0,3590.75,3.107
214524,121.2421,115.595,111.0521,104.7822,91.25,3656.25,87.5,3732.25,11.179,95.0,3580.25,2.893
214625,120.5228,113.0566,127.8408,123.1739,94.375,3373.0,100.0,3167.75,11.179,88.75,3578.25,1.964
214726,121.13,115.42,120.23,117.53,96.875,3439.75,100.0,3222.75,12.0,93.75,3656.75,3.107
217126,101.74,85.52,106.08,94.45,70.139,3785.875,70.833,3651.25,8.893,69.444,3920.5,1.393
217429,127.56,121.73,123.93,117.14,97.5,3475.375,100.0,3201.0,11.929,95.0,3749.75,3.107
219231,124.53,119.76,125.59,125.24,94.722,3697.25,100.0,3395.5,11.661,89.444,3999.0,3.107
220721,113.2663,102.9649,126.0119,126.2728,91.667,3483.875,100.0,3490.5,11.714,83.333,3477.25,3.107
221218,100.1562,81.4974,92.89232,65.68985,,,,,,,,
221319,103.63,87.84,100.08,82.62,77.273,4688.25,100.0,4476.5,6.393,54.545,4900.0,1.964
223929,127.0162,121.3093,130.9952,128.8361,93.75,3619.75,100.0,3416.5,11.714,87.5,3823.0,3.107
224022,118.86,112.12,118.16,114.48,85.764,3732.75,100.0,3076.5,9.036,71.528,4389.0,1.964
227432,114.2403,102.6477,111.382,98.55214,86.667,3521.875,100.0,3040.0,9.75,73.333,4003.75,1.964
227533,108.6897,93.38748,116.2984,105.9305,86.667,3595.0,100.0,3550.5,9.054,73.333,3639.5,1.25
228434,118.6391,111.8339,115.2745,110.6752,81.389,3350.75,83.333,3134.0,8.571,79.444,3567.5,1.571
231928,114.57,103.18,119.63,110.6,83.194,3497.5,87.5,2999.0,9.625,78.889,3996.0,1.964
233326,119.54,111.76,125.83,120.24,97.5,4113.0,100.0,4119.5,11.179,95.0,4106.5,2.214
236130,112.9506,100.0211,121.2592,112.551,78.75,3181.375,87.5,2895.25,9.196,70.0,3467.5,1.964
237334,114.7226,105.5293,111.5107,105.5726,79.861,3379.75,87.5,2978.5,8.268,72.222,3781.0,2.893
238033,123.11,116.4615,123.1709,115.2948,94.375,3219.5,100.0,2855.0,11.518,88.75,3584.0,3.107
239136,108.1734,92.62402,108.9078,93.16797,83.125,3321.5,87.5,2972.25,9.554,78.75,3670.75,2.893
239944,111.24,96.97,119.53,110.44,93.75,4015.625,100.0,3438.0,9.768,87.5,4593.25,3.107
245333,122.86,116.27,115.56,105.12,97.5,3430.75,100.0,3503.0,11.179,95.0,3358.5,3.107
246133,100.5,83.56,122.97,120.52,93.75,3423.875,100.0,3205.25,8.464,87.5,3642.5,3.107
248238,121.262,114.045,128.4288,124.2102,100.0,3142.75,100.0,2777.5,12.167,100.0,3508.0,1.75
248339,129.5978,125.3195,135.7188,140.2298,94.375,3377.75,100.0,2911.0,11.786,88.75,3844.5,3.107
249947,111.32,97.07,118.63,109.04,96.875,3529.125,100.0,3261.5,12.304,93.75,3796.75,3.107
250427,111.12,96.84,122.71,114.34,84.167,3577.5,100.0,3131.75,7.893,68.333,4023.25,1.964
250932,127.43,121.67,129.4,126.46,91.875,3610.625,100.0,3863.25,10.036,83.75,3358.0,3.107
251833,126.75,120.8,133.13,131.02,83.542,3478.125,83.333,2862.25,10.607,83.75,4094.0,1.571
255639,112.84,102.29,109.63,101.72,77.292,3623.5,83.333,3276.5,8.607,71.25,3970.5,1.357
255740,114.8512,103.7788,117.5933,107.6003,97.5,3348.0,100.0,2934.0,11.679,95.0,3762.0,3.107
256540,110.72,98.18,103.45,89.3,84.154,3569.25,87.5,3345.5,9.464,80.808,3793.0,2.893
257542,104.3563,88.96635,117.6638,113.7274,93.651,3551.0,100.0,3206.0,10.25,87.302,3896.0,1.964
257845,130.7467,126.7981,109.7724,102.0919,96.429,3958.25,100.0,3698.75,12.286,92.857,4217.75,3.107
257946,107.9568,94.20844,101.4552,85.32791,90.625,3055.125,87.5,2746.25,12.0,93.75,3364.0,2.214
263436,123.4976,116.7923,125.4211,119.5002,89.167,4147.125,100.0,3458.75,9.893,78.333,4835.5,3.107
268749,109.909,96.84908,117.5115,113.4462,91.944,3492.125,100.0,3082.5,11.375,83.889,3901.75,3.107
268850,92.47,73.83,101.66,85.73,76.25,3873.75,87.5,3483.75,8.75,65.0,4263.75,2.893
270332,132.9079,126.6145,135.7043,133.8846,91.25,3710.625,87.5,3534.0,11.786,95.0,3887.25,2.464
274542,109.7589,96.77723,100.0522,82.59318,86.944,3407.5,100.0,3197.25,8.589,73.889,3617.75,1.964
275645,109.3343,96.25859,120.2309,117.5287,78.598,3194.0,87.5,3157.5,8.5,69.697,3230.5,2.607
280739,99.25,80.45,99.46,76.3,74.861,3884.375,87.5,3414.75,9.036,62.222,4354.0,2.893
280941,126.0497,119.98,129.5655,126.6909,89.444,3404.5,100.0,3306.5,8.5,78.889,3502.5,3.107
281135,126.5793,122.2756,117.6387,113.6893,81.944,3340.125,87.5,2967.75,9.393,76.389,3712.5,3.036
283543,120.8403,114.9495,120.4321,117.768,100.0,3571.5,100.0,3187.0,12.571,100.0,3956.0,3.107
284646,100.63,83.73,100.37,83.16,83.75,3944.75,100.0,3599.0,6.911,67.5,4290.5,1.464
285345,106.8626,90.56084,110.4541,96.66481,97.222,3675.375,100.0,3296.25,10.482,94.444,4054.5,1.964
285446,113.473,101.0855,116.7069,106.4742,90.404,4185.625,100.0,3924.75,9.464,80.808,4446.5,3.107
286347,132.9079,126.6145,142.8163,144.6374,100.0,3349.5,100.0,3244.0,11.179,100.0,3455.0,3.107
286650,105.8639,89.04018,112.2598,100.0631,79.104,3350.875,87.5,3058.25,8.107,70.707,3643.5,1.964
289555,90.08102,69.92112,103.8854,84.16875,76.25,3620.875,87.5,4068.25,7.232,65.0,3173.5,1.429
290136,134.8629,129.8786,148.5436,152.0354,96.875,3496.625,100.0,3190.0,11.875,93.75,3803.25,1.964
293748,125.47,119.27,115.97,105.41,67.222,3496.0,50.0,3027.75,9.661,84.444,3964.25,1.143
295146,100.3995,83.32655,96.02831,75.40257,82.292,3561.375,87.5,3404.75,9.946,77.083,3718.0,1.964
297655,123.1803,116.5317,117.4114,107.2426,78.819,4061.125,87.5,3530.25,9.536,70.139,4592.0,2.607
298051,108.49,93.18,119.59,110.55,83.75,2920.375,87.5,3223.5,9.054,80.0,2617.25,2.607
298455,108.2916,94.85335,104.5004,91.33876,76.389,3449.5,75.0,3378.5,9.357,77.778,3520.5,2.798
299154,129.4478,125.1023,120.644,118.0895,93.75,3536.5,87.5,3415.25,12.571,100.0,3657.75,2.893
299760,150.705,138.0873,135.9823,141.003,88.889,3615.5,100.0,3203.75,11.446,77.778,4027.25,3.107
300618,122.33,117.52,107.61,97.35,91.25,3430.25,87.5,3148.5,10.75,95.0,3712.0,1.893
300719,126.1895,120.098,114.5187,103.4102,96.429,3690.25,100.0,3392.0,12.571,92.857,3988.5,3.107
303119,119.5,111.72,111.31,98.43,92.222,3329.25,100.0,3267.75,10.054,84.444,3390.75,3.107
303624,131.34,125.2,126.54,121.43,97.222,4098.75,100.0,4146.0,11.107,94.444,4051.5,3.107
304020,116.75,106.79,114.46,103.36,93.75,3578.0,87.5,3382.0,11.179,100.0,3774.0,2.893
304727,107.5667,91.65493,110.9109,97.52122,94.097,3402.0,100.0,3172.0,11.036,88.194,3632.0,3.107
305830,134.8629,129.8786,126.7161,127.2247,91.667,3590.375,100.0,3335.25,9.321,83.333,3845.5,3.107
307127,119.0,110.68,123.77,116.61,85.417,3853.625,87.5,3609.25,9.625,83.333,4098.0,1.964
308129,103.1086,86.89896,104.8783,91.94673,96.429,3815.25,100.0,3582.5,12.429,92.857,4048.0,3.107
308331,109.14,95.96,108.83,99.82,83.194,3837.875,87.5,3832.5,10.054,78.889,3843.25,2.893
309636,123.4713,118.4956,126.2074,126.5039,96.875,3281.625,100.0,2875.0,12.0,93.75,3688.25,1.964
310621,116.4717,106.3234,126.3469,121.2275,93.75,3546.75,100.0,3266.25,11.857,87.5,3827.25,2.464
311320,103.8836,88.10955,95.5777,74.52558,79.861,3431.75,83.333,3273.5,8.482,76.389,3590.0,1.571
314225,104.8443,89.57278,106.0165,94.34225,83.864,3287.5,100.0,2863.75,7.089,67.727,3711.25,1.964
316633,149.29,136.1,130.65,132.58,96.429,3757.875,100.0,3244.0,12.446,92.857,4271.75,3.107
316835,108.3182,94.97168,111.4419,105.4811,71.667,3692.5,58.333,3361.0,10.321,85.0,4024.0,1.143
317332,126.5215,122.2444,111.4519,105.514,85.0,3396.875,75.0,3187.75,11.929,95.0,3606.0,2.821
318637,108.0348,94.47498,121.4511,118.9075,91.944,3952.375,100.0,3696.0,10.607,83.889,4208.75,3.107
320826,119.9434,112.1883,116.5188,106.1998,86.944,3443.375,100.0,3365.25,8.982,73.889,3521.5,3.107
321323,114.9479,104.0207,106.914,89.5454,89.167,3561.5,100.0,3338.25,10.786,78.333,3784.75,1.964
322224,126.8284,121.0029,125.4787,119.6144,94.097,3526.375,100.0,3360.75,9.804,88.194,3692.0,3.107
325129,123.5111,116.8141,128.5762,124.5888,91.25,3420.25,100.0,3297.25,10.893,82.5,3543.25,3.107
329440,117.47,108.24,114.84,103.88,95.0,3798.625,100.0,3701.25,10.607,90.0,3896.0,3.107
329844,114.3654,104.7177,119.9015,117.0446,88.131,3565.625,100.0,3333.25,8.536,76.263,3798.0,3.107
330324,123.1362,118.3203,119.882,117.0281,100.0,3552.25,100.0,3219.5,12.429,100.0,3885.0,3.107
333330,107.3443,91.29945,115.398,104.7666,85.069,3741.75,100.0,3108.5,9.964,70.139,4375.0,1.964
334635,118.84,112.11,118.21,114.54,86.25,4159.125,100.0,3365.0,9.554,72.5,4953.25,3.107
336841,126.8675,122.8613,124.5077,123.3733,88.194,3198.125,87.5,2876.75,10.339,88.889,3519.5,2.464
339847,111.28,97.05,122.84,114.7,88.194,3258.25,87.5,2999.0,11.589,88.889,3517.5,2.464
341834,120.9348,115.116,126.3601,126.7615,97.5,3659.625,100.0,3633.25,11.179,95.0,3686.0,3.107
342129,126.7412,122.5967,122.168,119.6339,94.375,3425.0,100.0,3126.5,11.5,88.75,3723.5,3.107
346137,105.8792,89.04586,110.9161,97.54559,92.222,3611.75,100.0,3443.25,11.232,84.444,3780.25,3.107
346945,117.1111,109.6079,108.8866,99.99792,77.917,3497.625,87.5,3032.5,9.125,68.333,3962.75,2.214
348545,118.3491,111.3112,106.6941,95.65884,94.375,3721.625,100.0,3294.25,11.661,88.75,4149.0,1.964
349244,109.4892,96.45801,112.1411,106.355,86.111,4250.875,100.0,3700.25,10.119,72.222,4801.5,3.857
350330,117.1544,109.7598,115.8581,111.4113,90.972,3569.875,100.0,3163.5,10.196,81.944,3976.25,3.107
351938,126.77,122.62,119.88,117.03,83.889,3597.875,83.333,3221.5,10.339,84.444,3974.25,2.393
352132,118.28,111.29,119.6,116.6,88.125,3688.625,87.5,3268.25,11.036,88.75,4109.0,2.893
352738,134.86,128.12,114.89,103.96,91.667,3516.0,100.0,3240.75,11.589,83.333,3791.25,3.107
353740,110.9647,98.65646,112.3109,106.6582,86.944,4064.125,100.0,3813.75,9.339,73.889,4314.5,2.893
355239,112.06,100.79,111.87,106.09,90.972,3459.0,100.0,2703.5,10.107,81.944,4214.5,1.964
355542,94.1,75.24,111.69,105.92,,,,,,,,
355845,118.8445,112.1126,123.8291,122.1638,,,,,,,,
356948,119.15,111.01,118.2,108.28,96.429,3950.75,100.0,3988.25,12.571,92.857,3913.25,3.107
358144,108.5283,93.22755,114.167,102.9322,94.444,3106.125,100.0,2909.25,10.833,88.889,3303.0,3.131
360030,126.7576,120.8049,117.2165,106.9803,86.944,3446.5,100.0,3074.0,9.464,73.889,3819.0,1.964
361234,118.1379,109.1855,114.3264,103.1234,86.667,3887.75,100.0,3908.0,9.321,73.333,3867.5,3.107
361941,128.43,124.24,121.5,118.97,94.375,3722.25,100.0,3387.25,11.643,88.75,4057.25,3.107
362034,106.4331,89.89462,112.2644,100.0683,,,,,,,,
365343,122.274,115.4625,133.5008,132.0182,94.375,3356.0,100.0,3119.0,11.518,88.75,3593.0,3.107
366042,123.78,118.83,123.72,121.88,77.917,3762.75,87.5,3778.5,10.161,68.333,3747.0,3.036
366446,114.68,105.49,112.31,106.66,94.444,3341.5,100.0,2763.5,5.732,88.889,3919.5,1.464
368551,119.8468,113.6423,125.9377,126.2036,83.889,3855.125,100.0,3587.25,9.929,67.778,4123.0,3.107
368753,129.6218,123.7607,130.9731,128.6968,91.667,3193.375,100.0,2968.75,9.625,83.333,3418.0,3.107
371843,111.27,97.0,117.14,106.85,91.875,3608.125,100.0,3373.75,11.214,83.75,3842.5,3.107
376247,122.6058,117.9251,116.4992,112.105,94.375,3416.75,100.0,3166.75,10.75,88.75,3666.75,3.107
377451,124.74,120.06,117.54,113.55,91.319,3818.625,100.0,3766.5,10.661,82.639,3870.75,3.107
378756,132.8068,128.7861,137.5248,145.0916,93.182,3143.5,100.0,3041.5,9.607,86.364,3245.5,3.107
378857,123.1061,116.4598,123.2775,115.4572,84.167,4109.0,100.0,3877.75,8.786,68.333,4340.25,3.107
379657,123.0173,118.2251,115.3796,110.8873,90.625,3675.875,100.0,3577.0,11.286,81.25,3774.75,2.607
380036,125.76,121.75,125.42,124.94,97.222,3283.375,100.0,3130.5,11.732,94.444,3436.25,3.107
381038,114.4867,103.0224,108.8521,92.98494,89.167,3469.5,100.0,3201.5,10.321,78.333,3737.5,1.964
382242,130.57,124.81,133.17,131.62,94.375,3189.0,100.0,2821.0,11.643,88.75,3557.0,3.107
385046,118.5012,111.6043,120.3897,117.6429,97.5,3568.25,100.0,3067.5,11.679,95.0,4069.0,1.964
385450,121.93,116.64,116.6,112.37,97.5,3318.75,100.0,3144.25,11.679,95.0,3493.25,3.107
386250,124.22,119.31,125.75,125.96,87.222,3651.625,100.0,3069.25,8.911,74.444,4234.0,3.107
387959,119.3614,113.0923,107.0357,96.5797,100.0,2638.875,100.0,2667.75,12.571,100.0,2610.0,1.964
389357,113.9523,104.2635,111.8796,106.0891,92.5,3401.25,100.0,3129.0,10.464,85.0,3673.5,3.107
390645,111.6962,98.93195,126.1639,122.0985,79.861,4386.125,87.5,3873.75,9.768,72.222,4898.5,2.893
391748,108.1461,92.49937,111.4085,98.58657,92.222,2971.5,100.0,2700.75,10.339,84.444,3242.25,1.964
392447,121.8548,114.8996,113.2916,101.6999,85.972,3260.375,87.5,2825.5,11.214,84.444,3695.25,2.464
393247,106.3577,89.83281,122.3401,113.875,91.25,3876.25,100.0,3394.25,11.393,82.5,4358.25,3.107
393550,119.3878,113.172,112.432,106.8504,84.375,3726.875,87.5,3144.5,11.857,81.25,4309.25,2.214
394956,88.30461,68.40927,106.2325,94.897,91.25,3500.5,100.0,3099.75,11.089,82.5,3901.25,1.964
395251,131.344,127.2626,137.458,144.97,77.273,2997.875,100.0,2629.75,6.339,54.545,3366.0,3.107
395756,111.0214,96.76779,120.8237,112.1031,88.125,3485.0,100.0,3257.25,12.083,76.25,3712.75,3.25
395958,105.39,90.24,95.74,74.83,78.75,3854.125,75.0,3468.5,11.214,82.5,4239.75,1.357
397154,133.35,129.03,133.16,134.85,83.194,3453.875,87.5,3154.5,11.214,78.889,3753.25,2.464
397760,117.47,108.24,119.41,110.17,89.444,3166.875,100.0,2963.25,10.089,78.889,3370.5,3.107
397861,125.4443,119.2171,128.4184,124.2013,91.667,3562.75,100.0,3063.25,11.714,83.333,4062.25,1.964
401422,120.9707,113.6388,118.3448,108.4491,88.131,3281.375,100.0,3104.25,8.679,76.263,3458.5,3.107
406432,120.9966,115.2442,112.1483,106.3747,88.472,4032.125,87.5,4206.5,10.875,89.444,3857.75,2.607
406836,114.1835,102.5925,115.9536,105.3957,90.0,3397.75,100.0,3136.5,9.054,80.0,3659.0,3.107
412528,110.64,96.12,114.22,103.06,89.444,3693.25,100.0,3274.75,10.679,78.889,4111.75,2.214
413934,124.0304,117.7148,130.2894,127.3609,92.222,3768.875,100.0,3834.5,9.911,84.444,3703.25,3.107
414229,113.57,101.29,112.38,100.39,92.5,3663.75,100.0,3387.0,9.696,85.0,3940.5,3.107
415837,101.47,84.96,114.38,109.29,91.875,3329.875,100.0,3008.0,10.536,83.75,3651.75,3.107
419239,97.70713,79.96414,108.3897,98.98373,85.625,3413.75,87.5,3300.5,10.036,83.75,3527.0,3.036
421226,127.2061,121.4358,123.1792,115.3115,88.889,3689.125,100.0,3480.25,10.929,77.778,3898.0,3.857
422632,116.73,108.88,116.03,111.48,82.5,3466.0,87.5,3247.0,9.375,77.5,3685.0,3.036
424939,129.4052,125.0427,124.0227,122.4085,90.625,3466.0,87.5,3337.75,12.071,93.75,3594.25,3.274
429040,121.0644,114.7535,149.5326,148.1195,97.5,3089.125,100.0,2849.75,11.929,95.0,3328.5,3.107
432332,116.6336,106.6245,118.2358,108.3766,91.25,3864.375,87.5,3517.0,11.804,95.0,4211.75,2.607
433839,111.69,99.83,108.98,100.16,88.889,3874.125,100.0,3601.75,10.0,77.778,4146.5,2.393
436239,110.12,95.43,114.92,104.06,91.667,3453.25,100.0,3172.5,8.875,83.333,3734.0,1.964
436845,121.82,116.53,123.13,120.85,86.944,4042.0,100.0,4225.25,8.393,73.889,3858.75,1.964
441939,126.5796,122.2757,119.4397,116.2235,90.625,3954.375,87.5,4061.25,12.429,93.75,3847.5,1.964
445543,114.35,102.86,105.29,86.3,81.25,3293.875,87.5,3421.0,8.482,75.0,3166.75,1.607
448347,122.4,117.61,129.64,132.02,100.0,3391.75,100.0,3177.0,4.167,100.0,3606.5,2.583
449753,117.1229,109.6684,119.2111,115.8851,89.444,3683.625,100.0,3352.75,10.107,78.889,4014.5,3.107
453441,118.8979,110.5257,125.6077,119.7733,79.444,3358.625,75.0,2986.25,11.643,83.889,3731.0,2.25
453542,108.8493,93.59605,106.2161,88.216,68.889,3234.5,75.0,3051.25,8.714,62.778,3417.75,1.607
454140,93.71238,73.79559,118.2113,108.3053,86.944,3706.625,100.0,3531.25,9.125,73.889,3882.0,3.107
456346,119.8704,113.6584,116.0233,111.4745,94.097,3787.75,100.0,3692.5,11.446,88.194,3883.0,3.107
459453,125.3793,119.0678,114.1966,103.0037,82.576,3337.75,100.0,3080.0,8.0,65.152,3595.5,1.964
461743,99.953,82.91045,111.4476,105.5026,89.444,3255.25,100.0,2876.0,10.375,78.889,3634.5,3.107
462139,121.7464,116.3968,128.7522,130.5663,91.25,3794.5,100.0,3349.0,10.893,82.5,4240.0,3.107
463040,125.9491,119.8886,118.558,108.8065,86.25,3610.25,87.5,3420.25,10.321,85.0,3800.25,1.464
465852,105.63,90.52,105.09,92.34,84.444,3373.375,100.0,2891.5,8.625,68.889,3855.25,1.964
467351,114.62,103.37,124.51,118.1,92.222,3306.0,100.0,3191.5,10.179,84.444,3420.5,3.107
468050,119.019,110.7174,121.7383,113.3162,94.444,3260.5,100.0,3068.0,11.875,88.889,3453.0,3.107
469961,118.0655,109.0373,121.2793,112.5922,100.0,3665.125,100.0,3501.5,12.571,100.0,3828.75,3.107
473952,91.92845,71.68264,108.6062,92.54655,80.0,3816.0,87.5,3179.5,9.286,72.5,4452.5,1.429
475855,126.0508,119.9814,127.6883,122.8496,90.179,3493.5,87.5,3279.25,11.875,92.857,3707.75,2.607
479762,120.5,114.46,117.47,113.4,86.389,4104.875,100.0,4210.0,7.232,72.778,3999.75,1.964
480141,104.49,89.05,100.51,83.39,94.444,3648.875,100.0,3639.5,9.696,88.889,3658.25,3.107
481042,110.5941,95.98729,112.9854,101.2067,87.222,3501.125,100.0,2996.75,9.393,74.444,4005.5,1.964
481951,124.8643,120.2219,115.3583,110.8123,85.972,3474.25,87.5,3060.5,11.107,84.444,3888.0,2.893
485757,119.97,112.22,118.18,108.24,86.607,3094.625,87.5,2829.25,12.143,85.714,3360.0,2.893
486759,118.18,109.28,118.57,108.83,86.667,3209.5,100.0,2686.5,10.5,73.333,3732.5,1.964
492754,112.433,99.0204,111.1604,98.26093,84.444,3699.625,100.0,3401.75,8.375,68.889,3997.5,1.964
495255,123.5587,116.8862,121.5847,113.0986,88.125,3950.625,87.5,3909.75,11.643,88.75,3991.5,2.893
497865,135.29,130.22,113.09,107.72,88.889,3586.875,100.0,3220.75,10.179,77.778,3953.0,1.964
499566,128.54,124.28,129.16,130.99,94.722,3260.375,100.0,3196.5,10.893,89.444,3324.25,3.107
500222,119.99,113.87,110.39,103.37,88.125,3794.25,87.5,3557.0,11.25,88.75,4031.5,2.893
506234,127.9873,123.7681,127.1319,127.4642,88.125,3465.625,87.5,3059.5,11.036,88.75,3871.75,3.036
510225,131.344,127.2626,118.1833,114.4925,89.444,3852.75,100.0,3587.75,10.679,78.889,4117.75,3.107
510326,107.66,91.84,108.95,93.27,84.375,3240.875,87.5,2993.5,10.464,81.25,3488.25,1.964
512835,126.8461,121.0553,123.8346,116.7786,89.444,3633.75,100.0,3413.75,9.75,78.889,3853.75,1.964
513130,102.2089,86.00196,110.2865,103.0583,70.694,3521.25,62.5,3264.75,10.054,78.889,3777.75,1.357
513736,132.6527,128.5668,132.9748,134.1956,100.0,3524.875,100.0,3327.5,12.446,100.0,3722.25,3.107
516742,127.445,121.6778,123.1806,115.3143,100.0,3397.25,100.0,3273.25,12.571,100.0,3521.25,3.107
517239,107.7348,93.90833,106.4464,95.24919,91.944,3686.5,100.0,3462.75,11.375,83.889,3910.25,3.107
518746,105.7936,90.81366,106.6806,95.62628,83.472,3183.875,87.5,2745.0,9.161,79.444,3622.75,1.964
519647,94.79874,76.36359,120.0856,117.2926,78.194,3125.375,87.5,3041.25,8.536,68.889,3209.5,2.893
519950,111.28,97.03,113.41,101.9,100.0,3328.125,100.0,3111.5,12.571,100.0,3544.75,1.964
520228,119.8455,113.6416,116.9727,112.751,88.542,4005.625,100.0,3722.25,9.321,77.083,4289.0,3.107
521331,108.52,93.22,123.75,116.57,,,,,,,,
522434,112.05,100.77,116.77,112.54,85.0,3949.125,87.5,4289.75,11.536,82.5,3608.5,3.036
523032,129.8721,123.9482,131.3907,129.2448,91.667,3226.125,83.333,2830.25,12.446,100.0,3622.0,1.571
524135,109.0726,95.855,107.09,96.66138,90.179,3375.25,87.5,3178.5,12.161,92.857,3572.0,2.893
525541,119.427,111.6175,124.7796,118.565,97.222,3453.375,100.0,3220.25,10.75,94.444,3686.5,3.107
529549,104.2302,88.82562,102.5349,87.21114,100.0,3367.25,100.0,3145.75,12.571,100.0,3588.75,1.964
529953,121.1285,115.4131,118.7449,115.229,100.0,3729.25,100.0,3579.5,12.429,100.0,3879.0,3.107
530635,120.5,114.45,124.8,123.8,80.0,3206.5,75.0,3052.5,9.589,85.0,3360.5,1.571
531536,128.0,122.09,126.12,120.71,87.054,3816.625,87.5,4068.0,8.464,86.607,3565.25,2.464
531940,126.0068,121.9796,137.4778,145.006,90.179,3384.875,87.5,3117.25,12.161,92.857,3652.5,2.607
536647,101.1404,82.96825,104.9284,85.62189,84.167,3394.5,100.0,3175.5,8.625,68.333,3613.5,1.964
540436,143.8197,131.2423,124.1341,117.5272,97.5,3817.625,100.0,3685.5,11.929,95.0,3949.75,3.107
541640,143.5944,132.5669,142.8046,149.1974,100.0,3290.125,100.0,3242.75,12.446,100.0,3337.5,3.107
541943,112.91,102.51,106.74,95.8,80.0,3538.5,75.0,3023.75,9.446,85.0,4053.25,1.321
545345,127.27,121.47,118.87,109.52,92.222,3535.0,100.0,3378.0,11.232,84.444,3692.0,3.107
547046,110.03,97.1,117.24,113.18,85.417,3949.0,87.5,3462.5,9.548,83.333,4435.5,1.821
548250,134.8629,129.8786,105.6911,93.5854,93.75,3361.75,87.5,3033.75,12.571,100.0,3689.75,2.893
549757,102.33,86.22,104.92,92.05,,,,,,,,
550439,113.3885,103.0397,105.3398,92.81129,75.139,3659.375,87.5,3443.5,8.411,62.778,3875.25,1.964
552241,92.12576,73.40061,100.1758,82.80967,85.069,4039.0,100.0,3582.5,8.714,70.139,4495.5,1.964
552544,105.59,88.68,107.63,90.77,75.0,3776.75,75.0,3459.0,11.286,75.0,4094.5,1.821
553344,122.3441,115.6668,129.4895,126.4966,89.375,3750.25,100.0,3226.75,8.679,78.75,4273.75,3.107
555348,99.77641,81.06157,106.1235,88.05277,75.417,3598.0,87.5,3596.25,9.25,63.333,3599.75,2.893
555651,111.9075,98.186,122.5177,114.0972,78.611,3684.875,83.333,3382.0,9.125,73.889,3987.75,2.821
555954,100.8923,82.71556,111.3276,98.43794,90.179,3536.75,87.5,3372.25,12.446,92.857,3701.25,3.036
557857,108.795,95.52516,114.6213,109.6805,65.556,3466.625,58.333,3138.25,10.321,72.778,3795.0,1.143
558657,125.763,121.7523,130.9032,132.7619,89.444,3251.0,100.0,2982.5,10.464,78.889,3519.5,1.964
558960,120.5834,113.0837,125.2023,119.2194,93.75,3427.375,100.0,3247.25,11.857,87.5,3607.5,3.107
559053,117.1,107.71,114.12,102.82,92.5,3192.0,100.0,2758.0,9.589,85.0,3626.0,1.964
559457,113.292,100.8122,121.6165,113.1651,90.179,3484.125,87.5,2936.25,12.304,92.857,4032.0,1.964
561242,120.51,114.48,118.64,114.99,90.972,3338.5,87.5,3013.0,10.232,94.444,3664.0,2.607
561444,126.2751,122.1527,107.5462,97.24002,88.75,3692.125,87.5,3606.5,10.607,90.0,3777.75,2.214
561949,110.4088,97.65393,110.173,102.7737,90.179,3365.375,87.5,3127.5,12.429,92.857,3603.25,1.964
562345,114.625,103.3788,115.3198,104.6277,89.444,3298.875,100.0,3042.25,8.75,78.889,3555.5,1.964
562446,123.7926,117.3839,119.7413,110.7486,91.875,3536.875,100.0,3275.5,10.482,83.75,3798.25,3.107
565452,105.57,90.49,110.06,102.58,85.972,3331.375,87.5,2937.0,10.679,84.444,3725.75,2.893
566454,114.7428,105.5519,113.5189,108.1369,82.917,3313.875,87.5,3127.5,10.393,78.333,3500.25,2.893
567052,115.87,105.52,133.17,131.62,96.875,3719.875,100.0,3527.5,12.286,93.75,3912.25,3.107
567759,113.5097,101.1369,112.985,101.2065,90.179,3527.5,87.5,3070.25,12.286,92.857,3984.75,2.893
567961,104.4426,89.03507,110.1721,102.7723,78.182,3286.375,100.0,2966.0,7.339,56.364,3606.75,1.964
568963,125.04,118.78,132.41,130.19,88.889,3305.5,100.0,2872.0,10.107,77.778,3739.0,1.964
569965,125.3162,119.0087,127.5681,122.6498,97.222,3394.625,100.0,3321.75,9.304,94.444,3467.5,1.964
570243,102.94,86.73,110.57,103.63,86.932,3262.375,100.0,2899.5,8.643,73.864,3625.25,1.964
571144,130.7467,126.7981,123.2734,121.2599,97.5,3676.125,100.0,3384.0,11.179,95.0,3968.25,3.107
571548,96.97,79.29,91.95,68.55,76.25,4037.625,87.5,3663.5,6.232,65.0,4411.75,1.964
572045,107.1665,91.14383,116.8439,106.6194,83.889,3863.125,100.0,3966.5,9.321,67.778,3759.75,3.107
573249,112.07,98.56,116.74,106.51,100.0,3887.0,100.0,3693.0,12.446,100.0,4081.0,3.107
573451,125.999,121.9769,127.5815,128.5214,85.972,3416.0,87.5,3178.0,10.054,84.444,3654.0,1.964
576255,124.2493,117.9142,142.8301,144.6418,97.222,3070.25,100.0,2862.0,10.232,94.444,3278.5,3.107
578057,106.2737,91.65639,107.7722,97.72047,89.722,3155.875,100.0,3092.25,7.821,79.444,3219.5,3.107
578158,128.4154,122.3376,123.3061,115.4969,100.0,3246.0,100.0,2860.0,10.75,100.0,3632.0,2.5
579665,104.68,87.33,104.42,84.92,90.625,3964.25,100.0,3784.0,7.196,81.25,4144.5,1.143
579867,119.9208,112.1337,110.3327,96.33017,94.444,3676.0,100.0,3527.25,10.196,88.889,3824.75,3.107
580044,114.58,103.22,115.47,104.96,86.667,3855.25,100.0,3464.25,9.464,73.333,4246.25,3.107
580347,106.17,91.41,104.89,91.98,77.917,3670.375,87.5,3459.25,8.964,68.333,3881.5,2.893
580650,125.3465,119.0212,110.4382,96.61565,92.5,3327.75,100.0,2900.0,9.321,85.0,3755.5,1.964
580751,117.0686,109.4565,125.4024,124.8249,92.222,3600.25,100.0,3205.5,10.089,84.444,3995.0,3.107
581349,105.65,88.81,95.19,68.72,88.194,3741.375,100.0,3170.25,8.643,76.389,4312.5,2.214
581450,125.8265,121.835,113.3793,107.965,88.194,3321.375,87.5,3126.5,10.464,88.889,3516.25,2.464
583858,109.5,94.66,105.18,86.06,89.444,3430.25,100.0,3021.0,10.536,78.889,3839.5,1.964
584355,113.5781,101.3018,119.6308,110.6089,,,,,,,,
585256,92.54828,72.61265,96.55882,71.39691,81.845,3567.125,83.333,3378.0,7.214,80.357,3756.25,1.571
585862,95.25,77.06,109.12,100.57,80.694,3931.375,87.5,3357.0,9.536,73.889,4505.75,2.607
586460,105.29,90.14,111.12,104.95,86.477,3476.625,87.5,3594.5,6.0,85.455,3358.75,1.821
587664,114.8035,105.6323,103.6719,89.58987,79.167,3600.875,75.0,3539.25,9.464,83.333,3662.5,2.25
588565,104.7151,87.43349,112.1409,99.74626,95.0,3728.375,100.0,3644.0,10.607,90.0,3812.75,3.107
589567,119.5151,113.3487,98.67896,79.65176,79.861,3602.125,87.5,3348.75,9.5,72.222,3855.5,1.964
590047,124.3315,119.5051,122.7311,120.2185,85.625,3671.5,87.5,3174.25,10.393,83.75,4168.75,2.893
592455,125.99,119.9,115.39,104.76,94.722,3844.125,100.0,3755.25,11.036,89.444,3933.0,1.964
594156,114.165,102.5764,121.3246,112.6304,85.859,3287.125,100.0,2849.75,7.875,71.717,3724.5,1.964
597869,126.7377,120.7966,117.5233,107.3849,93.75,3139.375,87.5,2687.25,12.446,100.0,3591.5,1.321
598568,134.79,129.74,128.39,130.2,94.375,3508.0,100.0,3263.75,11.786,88.75,3752.25,3.107
599065,123.99,119.02,110.05,102.57,93.75,3464.5,100.0,3217.75,11.732,87.5,3711.25,3.107
599469,115.79,105.45,107.89,91.51,94.722,3385.875,100.0,3072.5,11.036,89.444,3699.25,1.964
599671,123.8,118.89,113.14,107.75,88.194,3498.375,87.5,3814.75,10.464,88.889,3182.0,2.214
601127,130.7911,126.8584,121.1434,118.558,90.625,3377.5,87.5,3102.5,12.161,93.75,3652.5,1.964
604537,119.6239,113.4489,136.049,141.0514,87.5,3387.125,87.5,3190.75,12.429,87.5,3583.5,2.607
609143,130.1047,124.2434,130.9742,128.7012,90.873,3513.625,100.0,3354.25,9.107,81.746,3673.0,3.107
611231,90.65,70.33,91.29,64.08,,,,,,,,
611938,129.4115,125.0482,127.6962,128.8571,96.875,3614.0,100.0,3408.0,11.679,93.75,3820.0,3.107
613235,112.8999,102.4747,112.6769,107.2085,,,,,,,,
613538,114.38,104.73,117.17,113.09,94.375,3407.375,100.0,3171.75,11.393,88.75,3643.0,3.107
614439,130.4894,126.4242,134.9644,138.2257,93.75,3410.0,87.5,3220.25,11.179,100.0,3599.75,2.214
615441,104.6949,89.2002,110.3255,103.1809,89.722,3353.0,100.0,2986.5,9.792,79.444,3719.5,3.167
615744,112.4368,99.0224,109.1192,93.61913,78.194,3172.75,87.5,2847.5,9.518,68.889,3498.0,2.607
616645,131.344,127.2626,125.7132,125.6458,100.0,4060.5,100.0,3914.0,12.446,100.0,4207.0,3.107
617748,126.8465,121.0564,120.3895,111.5755,100.0,3665.125,100.0,3297.0,12.571,100.0,4033.25,3.107
618952,112.3592,101.2281,115.6296,111.2759,83.194,3636.875,87.5,3336.0,10.679,78.889,3937.75,2.893
620434,106.9,92.67,118.15,114.45,88.75,3729.375,100.0,3216.75,10.393,77.5,4242.0,1.964
622236,119.6187,113.4444,113.6821,108.3791,91.944,3643.375,100.0,3377.5,10.75,83.889,3909.25,3.107
623137,120.0389,112.3075,128.9983,125.6791,,,,,,,,
623844,121.97,116.76,103.07,88.53,90.625,3683.625,87.5,3577.0,12.304,93.75,3790.25,2.893
626648,123.217,118.3353,133.7276,136.431,80.417,3323.625,87.5,3008.25,10.107,73.333,3639.0,2.464
627549,115.19,104.35,105.42,86.53,85.417,3731.5,87.5,3291.0,10.357,83.333,4172.0,2.607
627852,120.6847,114.7918,121.7409,119.2167,83.125,4113.625,87.5,3637.0,10.054,78.75,4590.25,2.214
628248,125.3596,121.027,117.4663,113.3908,91.944,3772.125,100.0,3715.25,10.25,83.889,3829.0,2.464
633847,124.9584,120.3644,120.778,118.133,87.222,4054.125,100.0,3863.5,8.25,74.444,4244.75,1.321
634748,134.7757,129.7145,137.4778,145.006,100.0,3834.875,100.0,3654.25,12.571,100.0,4015.5,3.107
635245,118.6812,110.181,127.8158,123.1474,84.167,3674.0,100.0,3347.0,9.107,68.333,4001.0,3.107
638049,120.31,112.57,119.29,110.06,86.875,3367.125,100.0,3310.5,7.125,73.75,3423.75,3.107
644044,114.0613,102.4372,124.7764,118.5611,68.194,3538.625,62.5,3377.25,8.982,73.889,3700.0,1.25
644246,112.287,98.82289,119.9684,111.0406,92.222,3325.75,100.0,3004.5,10.375,84.444,3647.0,3.167
645450,114.4602,102.9736,116.4542,106.0896,96.875,3362.0,100.0,3082.75,11.179,93.75,3641.25,1.964
645551,113.82,104.08,118.31,114.7,91.25,3756.0,87.5,4021.0,11.179,95.0,3491.0,2.607
647858,125.3818,121.1257,114.9331,110.2005,91.25,4270.25,87.5,4428.25,11.179,95.0,4112.25,2.893
650746,116.81,108.99,120.21,117.52,,,,,,,,
654552,111.7691,97.96395,111.4654,98.7542,86.389,3193.125,100.0,3152.75,10.821,72.778,3233.5,1.964
654754,100.03,81.41,102.32,81.33,91.319,3484.625,100.0,3326.75,9.304,82.639,3642.5,1.964
656253,125.3274,120.9012,124.1626,122.9126,100.0,3648.25,100.0,3438.0,11.179,100.0,3858.5,3.107
656657,118.4551,111.4787,116.7232,112.4825,96.429,3977.0,100.0,3890.5,12.0,92.857,4063.5,3.107
657659,112.033,100.7544,124.1021,122.6169,85.625,3325.875,100.0,3125.5,9.196,71.25,3526.25,3.107
660951,103.0834,85.27905,121.6853,113.2326,84.167,3591.625,100.0,3443.5,8.964,68.333,3739.75,3.107
662551,117.7445,110.6445,117.5599,113.6066,85.625,3480.0,100.0,3324.75,9.625,71.25,3635.25,2.893
663755,125.1381,120.6348,116.7398,112.4969,94.444,3369.875,100.0,3232.25,10.607,88.889,3507.5,3.107
664757,90.02322,70.60241,106.8153,96.09736,85.354,3813.5,100.0,3483.5,8.929,70.707,4143.5,3.107
665254,115.01,104.08,110.02,95.48,96.875,3223.25,100.0,2966.25,12.429,93.75,3480.25,3.107
667056,107.0149,92.96995,113.9938,108.7726,94.097,3565.5,100.0,3314.75,10.821,88.194,3816.25,3.107
671855,126.1058,122.0106,126.2156,126.5148,80.0,3301.625,87.5,2955.0,9.393,72.5,3648.25,1.964
672756,109.32,94.5,112.13,99.73,91.944,3391.375,100.0,3246.0,10.893,83.889,3536.75,3.107
673455,127.4157,121.6694,121.5555,113.0654,87.5,3703.375,87.5,3593.5,11.732,87.5,3813.25,3.036
675661,110.9038,96.55882,121.217,112.4883,85.0,3373.375,100.0,2945.25,10.321,70.0,3801.5,3.107
677766,121.4681,114.3172,119.0355,109.7367,96.875,3868.25,100.0,3585.0,11.857,93.75,4151.5,1.964
677968,115.0,104.07,110.59,96.91,96.875,3561.875,100.0,3309.75,12.0,93.75,3814.0,1.964
679568,118.6265,110.0894,122.7243,114.3596,91.944,3708.25,100.0,3617.75,11.357,83.889,3798.75,3.107
679770,106.7394,92.39191,104.1698,90.52829,85.069,3925.75,87.5,3546.75,9.821,82.639,4304.75,1.964
680250,118.8547,112.116,124.79,123.7243,94.375,3640.375,100.0,3262.5,10.75,88.75,4018.25,3.107
680452,120.0696,112.3477,110.6525,97.04552,83.194,3570.375,87.5,3614.75,9.625,78.889,3526.0,2.893
680957,118.2,109.33,104.29,84.74,75.833,3815.125,66.667,3981.0,9.589,85.0,3649.25,1.357
683256,124.43,118.15,121.44,112.83,91.944,3561.625,100.0,3152.75,11.107,83.889,3970.5,1.964
685058,131.34,125.2,121.72,113.3,94.444,3929.0,100.0,3557.0,10.571,88.889,4301.0,2.429
686969,114.2966,104.5872,122.7075,120.128,86.607,3415.75,87.5,3179.5,12.0,85.714,3652.0,2.893
687163,111.8073,100.1479,116.6664,112.4607,96.875,3412.0,100.0,3163.25,11.036,93.75,3660.75,3.107
688569,128.6121,125.2658,153.0889,153.0889,93.75,3624.125,100.0,3431.5,10.893,87.5,3816.75,3.107
689470,114.9094,103.9017,128.7634,125.0625,88.125,3730.625,100.0,3395.5,10.786,76.25,4065.75,3.107
690152,129.12,123.24,130.78,127.92,83.194,3251.875,87.5,2986.25,10.232,78.889,3517.5,1.321
692964,105.4079,90.26259,108.4124,99.02767,87.222,3548.625,100.0,3374.25,7.554,74.444,3723.0,3.107
693461,123.5719,116.9477,112.1143,99.66167,,,,,,,,
693764,127.3352,121.5218,120.3936,111.5783,88.75,3660.625,100.0,3498.25,10.393,77.5,3823.0,3.107
694362,118.4842,111.5575,110.9772,104.6504,95.0,3684.75,100.0,3527.0,7.589,90.0,3842.5,3.107
695768,100.6038,83.66571,100.4121,83.26414,82.639,3325.0,87.5,2977.5,9.464,77.778,3672.5,1.964
698168,124.6594,119.9026,118.8907,115.3779,82.5,3667.375,100.0,3261.5,8.339,65.0,4073.25,1.964
700634,104.7909,87.61424,117.965,107.9393,89.167,3353.75,100.0,3017.0,9.893,78.333,3690.5,3.107
701535,126.5484,120.4662,123.8785,116.9863,94.722,3705.25,100.0,3479.5,10.75,89.444,3931.0,1.964
702133,114.33,102.79,113.14,101.5,91.944,3418.125,100.0,3217.5,11.357,83.889,3618.75,3.107
704238,128.77,124.48,121.77,119.23,92.5,3966.625,100.0,3597.0,9.696,85.0,4336.25,1.964
705341,123.76,117.34,130.62,127.42,97.5,3690.375,100.0,3563.75,11.179,95.0,3817.0,3.107
706040,100.7164,83.9836,96.24004,75.8055,,,,,,,,
707749,111.1425,96.86956,119.4351,110.292,85.625,4311.375,87.5,4355.5,10.929,83.75,4267.25,3.036
709551,120.8525,113.4046,119.674,110.6847,96.875,3368.75,100.0,3115.75,10.893,93.75,3621.75,3.107
713239,124.48,118.23,123.85,116.91,88.929,3553.125,100.0,3440.0,9.458,77.857,3666.25,3.167
715041,103.0799,85.2425,101.7915,80.55302,88.125,3572.0,100.0,3246.0,10.464,76.25,3898.0,1.964
715647,126.44,120.33,122.38,113.94,93.75,3193.25,87.5,2967.0,12.571,100.0,3419.5,3.036
715950,127.3842,123.3815,116.5789,112.2975,83.194,3934.75,87.5,3642.25,10.179,78.889,4227.25,3.036
720337,126.9333,122.9514,112.9808,107.4892,100.0,2972.5,100.0,3102.75,12.262,100.0,2842.25,3.131
723141,122.4627,115.9052,130.8386,128.0009,83.333,3218.875,83.333,2977.75,9.232,83.333,3460.0,1.571
724446,125.4318,121.1654,129.2438,131.626,87.222,3677.375,100.0,3222.25,8.75,74.444,4132.5,3.107
725751,102.52,86.45,108.15,98.46,80.694,3570.25,87.5,3103.5,8.982,73.889,4037.0,1.964
727553,140.056,131.6158,135.7043,140.1863,100.0,4093.25,100.0,3749.25,12.571,100.0,4437.25,3.107
727654,110.72,98.18,115.5,111.11,96.429,3344.875,100.0,3219.0,12.161,92.857,3470.75,3.107
728454,112.7433,99.55409,129.9566,127.0175,94.722,3679.875,100.0,3488.0,11.375,89.444,3871.75,3.107
729254,109.27,96.16,115.42,110.95,81.875,3970.875,87.5,3370.0,10.75,76.25,4571.75,1.464
729557,113.22,102.9,112.81,107.28,78.194,4202.5,87.5,3955.75,8.893,68.889,4449.25,2.893
731140,111.7999,98.04171,112.2355,99.95929,89.167,3377.0,100.0,2919.0,11.089,78.333,3835.0,1.964
732243,123.47,116.72,123.86,116.94,93.182,3315.0,100.0,2948.0,9.607,86.364,3682.0,1.964
733548,120.06,112.34,121.76,113.33,,,,,,,,
734045,129.21,124.9,120.49,117.89,93.75,3480.375,87.5,3290.75,12.446,100.0,3670.0,2.893
734247,122.0248,115.2156,127.7766,123.1216,,,,,,,,
735148,103.0969,86.88958,109.336,100.9502,89.444,3320.375,100.0,2971.0,10.643,78.889,3669.75,2.607
742549,113.661,103.7797,112.8504,107.3027,88.889,3587.875,100.0,3815.25,9.411,77.778,3360.5,3.107
744553,125.9736,119.8981,115.7736,105.2944,74.444,3479.375,75.0,3357.75,8.554,73.889,3601.0,2.536
745555,110.44,95.83,106.46,88.64,,,,,,,,
748258,110.94,98.65,107.95,98.23,91.319,3471.375,100.0,3104.75,9.411,82.639,3838.0,3.107
748662,123.73,117.28,119.85,110.92,86.389,3523.125,100.0,3440.25,9.607,72.778,3606.0,3.107
749058,117.5717,110.3085,120.0951,117.2996,100.0,3493.25,100.0,3373.75,10.929,100.0,3612.75,2.464
749361,123.73,118.78,116.26,111.84,80.417,3181.125,87.5,2838.75,9.804,73.333,3523.5,1.964
751348,135.73,130.29,120.06,117.27,100.0,3366.25,100.0,3171.5,9.929,100.0,3561.0,3.131
751550,130.3805,124.4957,128.4837,124.3482,83.75,3976.0,100.0,3958.0,9.518,67.5,3994.0,3.107
753150,126.8726,122.8662,113.7765,108.4447,97.222,3593.0,100.0,3363.75,11.732,94.444,3822.25,3.107
753251,121.28,115.69,117.63,113.68,93.75,3426.0,87.5,3380.25,12.446,100.0,3471.75,3.036
756055,111.52,99.35,103.74,89.76,91.944,3825.875,100.0,3648.5,11.5,83.889,4003.25,1.964
757764,122.3495,115.6855,135.8287,134.002,94.444,3786.125,100.0,3857.25,11.589,88.889,3715.0,3.107
759869,124.23,117.88,128.67,124.72,90.625,3361.875,87.5,3035.0,12.161,93.75,3688.75,2.893
760551,112.3454,101.1885,98.22707,78.76172,,,,,,,,
761957,128.78,122.83,120.2,111.39,100.0,3274.625,100.0,3094.75,12.571,100.0,3454.5,3.107
763557,130.4456,126.4037,137.489,145.0265,88.125,3499.875,100.0,3001.0,10.464,76.25,3998.75,3.107
765864,140.3496,131.7117,128.147,129.7454,97.5,3561.5,100.0,3435.25,11.179,95.0,3687.75,3.107
766563,112.1293,100.8957,114.9479,110.3022,,,,,,,,
767464,121.7059,114.7271,119.6124,110.5864,94.722,3373.0,100.0,2991.0,11.375,89.444,3755.0,3.167
769064,123.9672,119.0103,124.2677,123.157,88.194,3508.0,87.5,3595.5,11.595,88.889,3420.5,3.69
770352,107.1,91.03,120.91,112.15,87.847,3298.375,87.5,2995.25,11.571,88.194,3601.5,1.964
771354,128.17,123.94,130.05,132.36,93.75,3446.75,87.5,3304.75,12.446,100.0,3588.75,2.893
773257,120.3751,114.242,119.8017,116.907,86.389,3557.5,100.0,3349.0,10.821,72.778,3766.0,3.107
774663,112.8618,102.3892,118.6114,114.9112,81.875,3601.0,75.0,3497.75,11.643,88.75,3704.25,1.714
779370,99.02,81.47,107.97,98.26,87.5,3320.125,87.5,3062.25,12.0,87.5,3578.0,2.893
782157,86.55,65.38,91.48,67.62,,,,,,,,
782561,107.1213,91.07587,112.1803,99.82166,88.889,3415.625,100.0,3246.75,8.946,77.778,3584.5,3.107
783462,123.6347,118.6694,117.2322,113.1758,97.5,3768.5,100.0,3507.5,11.179,95.0,4029.5,1.964
784565,112.59,101.46,118.09,114.33,89.722,3231.25,100.0,2922.75,9.839,79.444,3539.75,3.107
786569,108.49,93.18,104.66,85.19,85.972,4006.625,87.5,3625.25,10.607,84.444,4388.0,2.893
788674,111.9881,98.36151,118.503,108.744,80.139,3516.75,87.5,3393.25,10.321,72.778,3640.25,2.893
788876,118.5,109.83,115.96,105.4,85.0,3137.625,75.0,2757.75,11.929,95.0,3517.5,1.321
789373,116.625,108.7447,112.1385,106.3514,88.125,3578.25,87.5,3379.0,11.804,88.75,3777.5,2.607
792564,111.47,97.19,113.53,102.12,85.625,3709.375,87.5,3854.0,10.321,83.75,3564.75,2.893
792766,119.15,111.01,119.69,110.73,90.972,3896.75,87.5,3781.0,10.232,94.444,4012.5,2.607
792867,118.4675,109.7582,122.7741,114.5042,90.179,3497.625,87.5,3308.75,12.571,92.857,3686.5,2.607
793465,128.4279,124.2361,110.309,103.1228,100.0,3380.75,100.0,2855.5,12.446,100.0,3906.0,3.107
800941,110.484,95.89276,115.1827,104.5145,91.944,3280.0,100.0,2948.5,11.661,83.889,3611.5,1.964
802844,90.92554,71.70358,101.2207,84.8568,84.722,3934.25,87.5,3685.0,9.946,81.944,4183.5,2.893
803240,134.8629,129.8786,110.8964,104.5398,94.722,3361.125,100.0,3172.25,11.661,89.444,3550.0,3.107
804646,105.2247,88.11401,106.9235,89.55383,,,,,,,,
809252,112.3585,101.2249,110.5163,103.5179,90.179,3279.5,87.5,2931.0,12.429,92.857,3628.0,1.964
810439,124.9758,120.3764,119.3642,116.0352,,,,,,,,
810843,124.8344,118.5382,123.6488,116.1771,100.0,3703.125,100.0,3511.25,12.571,100.0,3895.0,3.107
812746,90.25671,70.76104,94.57166,72.34254,83.194,3530.625,87.5,3274.25,10.679,78.889,3787.0,2.893
814548,115.2644,104.4467,112.885,100.9861,91.667,3574.5,100.0,3209.0,9.536,83.333,3940.0,1.964
814649,90.26,70.79,114.55,109.57,86.25,3698.0,87.5,3709.75,9.589,85.0,3686.25,3.036
815247,126.995,122.9737,124.1231,122.6985,97.5,3363.875,100.0,3019.25,11.179,95.0,3708.5,3.107
816653,126.42,122.2,115.23,110.6,85.625,3560.625,100.0,3154.5,10.071,71.25,3966.75,3.107
818455,133.4353,126.9918,145.2744,145.8252,97.5,3346.625,100.0,3015.0,11.929,95.0,3678.25,3.107
818859,115.6984,105.2181,122.8073,114.6078,95.0,3273.0,100.0,2936.5,10.482,90.0,3609.5,1.964
820745,129.1732,123.4037,114.0458,102.7435,97.5,3540.5,100.0,3468.75,11.179,95.0,3612.25,3.107
822244,99.10941,81.63425,97.91495,78.11943,,,,,,,,
825048,114.3253,102.7859,117.0847,106.7696,81.944,3288.0,75.0,3023.5,10.179,88.889,3552.5,1.571
825553,119.0665,112.4007,123.1966,121.1317,94.722,3384.875,100.0,2980.75,10.179,89.444,3789.0,2.464
825654,102.532,84.73476,110.611,96.92773,83.472,3539.5,87.5,3365.25,9.679,79.444,3713.75,1.964
826353,126.73,120.79,126.37,121.27,85.0,3868.125,87.5,3483.5,11.5,82.5,4252.75,2.464
826454,119.0828,112.432,137.5248,145.0916,91.944,3672.375,100.0,3104.5,10.679,83.889,4240.25,3.107
827052,122.2201,117.325,118.6673,115.1222,93.75,3465.875,100.0,3099.5,11.786,87.5,3832.25,3.107
828862,124.5469,119.7683,122.3657,119.7647,84.722,3948.125,87.5,3856.0,9.679,81.944,4040.25,3.036
832651,127.9761,123.7623,125.0357,124.2056,92.5,3977.625,100.0,3789.5,9.964,85.0,4165.75,3.107
833148,117.72,110.56,121.42,118.89,77.917,3319.75,83.333,2848.0,9.411,72.5,3791.5,1.571
833249,106.43,91.86,109.63,101.72,89.444,3501.625,100.0,3362.75,9.75,78.889,3640.5,3.107
835657,97.46078,78.4646,109.7278,94.90015,77.614,2927.875,87.5,2597.0,7.339,67.727,3258.75,1.893
837560,111.3,97.07,121.77,113.35,79.609,3783.875,87.5,3656.75,6.714,71.717,3911.0,2.024
837964,116.9375,107.2732,113.5342,102.1229,85.694,4072.625,87.5,4120.25,10.607,83.889,4025.0,2.607
841349,119.13,112.5692,113.8779,108.6063,88.194,3388.125,87.5,3106.0,11.714,88.889,3670.25,2.893
843151,123.7801,118.8369,128.0781,129.6007,79.167,3433.25,75.0,3241.5,7.054,83.333,3625.0,2.179
844961,106.207,89.62785,118.0032,107.969,84.444,3708.125,100.0,3568.0,8.25,68.889,3848.25,3.107
845458,112.4593,99.04655,117.3981,107.2379,82.386,3268.25,87.5,3113.5,7.768,77.273,3423.0,2.607
849264,130.739,124.9014,110.9394,97.60052,93.75,3199.625,87.5,3068.0,12.571,100.0,3331.25,2.464
849971,120.19,114.06,123.85,122.21,95.0,3621.125,100.0,3604.5,10.482,90.0,3637.75,3.107
852455,117.6974,108.5399,121.5183,112.9753,73.611,3221.0,75.0,2850.0,9.143,72.222,3592.0,1.571
856463,111.2648,97.00151,106.4888,88.69051,96.429,3795.0,100.0,3540.5,11.857,92.857,4049.5,3.107
856766,96.26,76.99,99.33,75.94,81.881,3444.75,87.5,3207.0,8.536,76.263,3682.5,1.964
856968,134.7799,128.0905,140.6941,139.7686,100.0,3502.25,100.0,3096.0,12.304,100.0,3908.5,3.107
857263,105.38,90.24,92.04,68.58,79.545,3529.0,100.0,3254.5,6.161,59.091,3803.5,1.964
859671,114.49,103.03,122.06,113.57,86.667,3787.875,100.0,3782.5,9.482,73.333,3793.25,3.107
861456,113.48,101.12,113.38,101.84,83.889,3570.5,100.0,3629.25,8.804,67.778,3511.75,3.107
865363,112.59,101.46,111.0,104.75,93.75,3251.75,87.5,3118.0,12.571,100.0,3385.5,1.964
867468,97.31197,79.67491,97.61468,77.77473,86.667,3699.25,100.0,3229.75,8.214,73.333,4168.75,1.964
869472,110.02,97.08901,118.4332,114.7774,89.444,3690.0,100.0,3283.5,10.464,78.889,4096.5,1.964
870861,120.5173,113.054,121.3197,112.628,97.5,3347.25,100.0,2997.75,11.804,95.0,3696.75,1.964
871762,127.6141,123.5624,124.8534,123.9108,83.472,3514.5,87.5,3539.75,9.589,79.444,3489.25,1.964
871964,150.71,136.12,142.8,144.63,91.667,4107.75,100.0,4111.5,11.048,83.333,4104.0,2.821
872158,120.59,114.68,122.88,120.46,100.0,3201.25,100.0,3037.25,12.571,100.0,3365.25,3.107
872562,118.416,109.6631,123.8497,116.9001,68.611,3633.375,75.0,3466.25,9.321,62.222,3800.5,2.536
872764,116.18,108.15,117.52,113.51,94.375,3266.25,100.0,2661.0,11.804,88.75,3871.5,1.964
873968,111.8254,100.1644,135.6653,140.0933,91.944,3291.625,100.0,3033.75,10.75,83.889,3549.5,3.107
877168,109.72,94.86,119.72,110.74,,,,,,,,
877269,103.58,87.74,101.94,86.19,84.167,4175.0,100.0,3860.0,8.411,68.333,4490.0,2.214
878877,126.5767,122.2742,132.6469,134.0624,88.75,3603.5,87.5,2953.0,10.607,90.0,4254.0,1.464
880157,124.4665,118.1972,123.1615,115.2245,97.5,3495.625,100.0,3201.75,11.804,95.0,3789.5,1.964
882161,114.157,102.5672,109.4431,94.3036,86.667,3592.625,100.0,3712.75,10.5,73.333,3472.5,3.107
884064,126.5796,120.4796,119.8196,110.8978,100.0,3399.5,100.0,3102.0,12.571,100.0,3697.0,1.964
885975,124.94,120.31,120.14,117.44,89.444,3727.625,100.0,3538.0,11.214,78.889,3917.25,3.107
886674,132.6527,128.5668,123.8137,122.0294,96.429,3309.375,100.0,3129.5,12.571,92.857,3489.25,3.107
887373,129.62,123.76,117.03,106.7,89.167,3792.875,100.0,3603.25,9.75,78.333,3982.5,3.107
888678,135.7456,128.7075,128.6579,124.7169,96.429,3544.25,100.0,3346.25,12.304,92.857,3742.25,3.107
889579,122.97,116.31,123.75,116.57,92.222,3313.5,100.0,3204.5,10.833,84.444,3422.5,3.167
891667,109.1613,95.97207,113.7421,108.4044,81.944,3429.5,87.5,2961.5,9.893,76.389,3897.5,1.964
894067,122.6249,116.0869,108.3378,92.17383,85.417,3742.5,87.5,3461.5,9.518,83.333,4023.5,2.893
894673,117.75,108.68,109.89,95.28,88.75,3715.125,100.0,3749.25,9.75,77.5,3681.0,3.107
894774,135.7891,130.2957,140.8151,146.5971,85.625,3548.625,100.0,3165.0,10.393,71.25,3932.25,3.107
896778,113.84,102.01,119.28,110.04,85.972,3467.5,87.5,3229.0,10.786,84.444,3706.0,2.893
896879,112.97,100.07,104.93,85.63,91.25,3631.5,87.5,3410.25,11.679,95.0,3852.75,1.964
898176,110.6268,96.05547,125.9386,120.3815,95.833,4004.375,100.0,3575.5,12.304,91.667,4433.25,1.964
899885,126.67,122.44,120.11,117.39,84.375,3211.0,87.5,2753.25,9.464,81.25,3668.75,1.821
901038,108.9036,93.67242,105.5723,86.79604,85.694,3576.75,87.5,3553.0,11.107,83.889,3600.5,1.964
901139,112.21,101.06,117.01,112.78,86.944,3332.5,100.0,2984.75,9.107,73.889,3680.25,1.964
901442,125.1485,118.8831,123.1737,115.3004,90.625,3583.375,100.0,3152.25,9.482,81.25,4014.5,3.107
902242,123.3236,116.6231,121.7991,113.4018,100.0,3354.75,100.0,3129.25,11.179,100.0,3580.25,2.607
904044,112.31,98.84,116.3,105.93,90.625,3461.5,87.5,3279.5,11.875,93.75,3643.5,2.607
905147,128.0415,122.1423,116.1135,105.5709,91.944,3899.625,100.0,3923.25,11.393,83.889,3876.0,3.107
907656,111.3878,97.10982,112.2165,99.90405,90.179,3735.375,87.5,3450.25,11.714,92.857,4020.5,2.607
908860,135.9465,130.3199,130.8818,132.7445,97.5,3214.25,100.0,2806.25,11.679,95.0,3622.25,1.964
910241,119.07,110.78,118.14,108.17,96.875,3668.0,100.0,3571.25,12.161,93.75,3764.75,3.107
910443,122.4565,117.7603,122.991,120.5435,83.194,3436.375,87.5,3399.5,10.179,78.889,3473.25,1.964
911849,121.2175,113.9512,123.6109,116.1424,93.651,3876.0,100.0,3823.0,8.625,87.302,3929.0,3.107
912447,109.4165,96.35956,112.2666,106.6274,85.694,3557.25,87.5,3524.0,11.5,83.889,3590.5,2.214
917255,134.86,128.12,119.67,110.68,100.0,3382.5,100.0,3425.75,12.571,100.0,3339.25,3.107
917558,113.5625,101.2723,114.2385,103.0628,85.972,3441.125,87.5,3359.0,10.964,84.444,3523.25,2.893
919966,107.0049,90.90369,105.0853,85.92419,71.944,3592.0,75.0,3317.75,8.768,68.889,3866.25,1.571
922854,109.3368,94.50211,115.0248,104.2956,88.125,3757.5,100.0,3293.25,10.464,76.25,4221.75,3.107
923755,119.1287,110.8877,112.1132,99.65877,96.429,3423.0,100.0,3260.5,12.161,92.857,3585.5,3.107
926862,120.0296,113.8831,121.5768,119.1002,81.111,3579.125,83.333,3128.25,10.25,78.889,4030.0,1.964
927359,113.4772,103.2514,110.2059,102.8285,91.25,3397.375,87.5,3215.0,11.179,95.0,3579.75,2.893
929464,109.1919,94.21383,120.5101,111.8317,86.364,3574.625,100.0,3330.0,7.607,72.727,3819.25,3.107
930449,114.29,104.57,111.21,105.12,78.598,3691.125,87.5,3245.25,8.857,69.697,4137.0,2.893
932554,124.69,119.96,116.0,111.47,84.375,3569.125,87.5,3380.75,11.857,81.25,3757.5,1.964
933253,124.1825,117.8469,121.8092,113.4047,97.5,3383.25,100.0,3063.0,11.179,95.0,3703.5,3.107
937160,107.08,90.99,118.74,109.26,77.361,3773.875,87.5,3059.5,10.929,67.222,4488.25,1.964
942658,122.0112,115.1647,123.8913,117.0237,97.5,3125.75,100.0,2756.0,11.679,95.0,3495.5,3.107
947668,126.9972,121.1905,122.7445,114.4066,90.179,3568.75,87.5,3460.5,12.304,92.857,3677.0,2.607
951457,110.79,96.28,111.56,98.9,80.694,3673.75,87.5,3417.25,8.679,73.889,3930.25,2.464
952863,119.1184,112.4827,106.503,95.35282,96.875,3254.375,100.0,2867.75,10.75,93.75,3641.0,2.607
953764,106.1615,89.52384,111.6124,98.94682,,,,,,,,
955465,108.5013,95.28029,103.231,88.71889,94.444,3489.875,100.0,3330.75,9.714,88.889,3649.0,3.107
957974,109.54,96.54,116.37,112.05,92.222,3622.25,100.0,3250.75,11.089,84.444,3993.75,3.107
959574,131.34,127.26,126.33,126.73,93.75,3584.0,100.0,3313.25,11.875,87.5,3854.75,3.107
962058,104.0624,88.38614,99.82428,82.35195,91.25,3259.125,100.0,2825.75,10.179,82.5,3692.5,1.964
965367,121.1627,113.8722,112.5249,100.5589,91.667,3645.75,100.0,3366.0,9.893,83.333,3925.5,1.964
965771,89.99,69.8,103.37,83.46,84.167,3154.375,100.0,2779.25,8.696,68.333,3529.5,1.964
966975,97.95284,80.32631,98.60051,79.49722,73.75,3704.5,87.5,3308.5,7.286,60.0,4100.5,2.607
969476,105.3674,88.33678,104.2118,84.4967,79.861,3875.125,87.5,3484.75,9.464,72.222,4265.5,2.893
970764,136.0055,130.3289,125.617,125.3619,100.0,3683.75,100.0,3605.5,11.179,100.0,3762.0,3.107
971160,127.9889,123.7689,130.8161,132.7039,84.722,4194.5,100.0,3522.0,10.179,69.444,4867.0,3.107
972566,124.0465,117.7716,122.2397,113.7575,78.75,3660.625,87.5,3691.25,8.75,70.0,3630.0,1.464
973770,102.3832,86.2731,106.9047,96.32927,71.528,3731.0,70.833,3343.0,8.518,72.222,4119.0,1.143
978578,119.17,111.07,121.01,112.2,90.625,4056.625,100.0,3720.0,8.982,81.25,4393.25,1.964
979984,108.0226,92.20065,119.57,110.5065,80.694,3249.25,87.5,2925.0,9.554,73.889,3573.5,1.321
983773,123.52,118.58,137.52,145.09,94.375,3368.375,100.0,3221.5,11.661,88.75,3515.25,3.107
984472,130.74,126.74,123.69,121.82,96.875,3310.875,100.0,3036.75,12.262,93.75,3585.0,3.131
987074,119.3207,113.0798,112.0597,106.2149,91.875,3343.25,100.0,3028.5,10.196,83.75,3658.0,1.964
987983,130.75,126.8,120.01,117.18,94.375,3276.375,100.0,3043.25,11.179,88.75,3509.5,3.107
989987,111.4828,97.21519,120.1907,111.3915,91.319,3470.0,100.0,3505.5,9.429,82.639,3434.5,1.964
990366,94.23567,75.4074,112.9724,107.4737,85.972,3543.0,87.5,3120.75,10.661,84.444,3965.25,2.893
991267,125.39,119.08,123.14,115.11,95.0,3504.625,100.0,3217.5,10.607,90.0,3791.75,3.107
992774,108.69,93.39,106.09,87.94,83.194,3287.375,87.5,2936.5,10.339,78.889,3638.25,1.964
993675,129.408,125.0452,135.6653,140.0933,92.222,3583.25,100.0,3434.5,11.0,84.444,3732.0,3.167
994273,141.3166,130.8607,122.3772,113.9377,95.0,3551.125,100.0,3408.75,10.821,90.0,3693.5,1.964
995174,117.1575,109.763,104.2794,90.95569,87.5,3480.5,87.5,3100.25,11.857,87.5,3860.75,1.964
996782,133.3478,129.03,135.3116,139.6127,83.194,3336.0,87.5,3002.75,10.179,78.889,3669.25,1.321
