Subject,L,R
100206,NODE2153,NODE2160
100307,NODE2164,NODE2168
100408,NODE2183,NODE2173
100610,NODE2174,NODE2180
101006,NODE2164,NODE2164
101107,NODE2159,NODE2168
101309,NODE2182,NODE2172
101410,NODE2182,NODE2168
101915,NODE2142,NODE2168
102008,NODE2164,NODE2168
102109,NODE2180,NODE2166
102311,NODE2181,NODE2164
102513,NODE2184,NODE2168
102614,NODE2181,NODE2177
102715,NODE2131,NODE2177
103010,NODE2182,NODE2168
103111,NODE2180,NODE2177
103212,NODE2181,NODE2180
103414,NODE2173,NODE2180
103515,NODE2164,NODE2177
103818,NODE2153,NODE2180
104012,NODE2184,NODE2184
104416,NODE2176,NODE2162
104820,NODE2184,NODE2173
105014,NODE2173,NODE2168
105115,NODE2172,NODE2162
105216,NODE2184,NODE2180
105620,NODE2163,NODE2173
105923,NODE2181,NODE2162
106016,NODE2172,NODE2184
106319,NODE2184,NODE2178
106521,NODE2184,NODE2184
106824,NODE2164,NODE2160
107018,NODE2172,NODE2184
107220,NODE2172,NODE2184
107321,NODE2184,NODE2180
107422,NODE2180,NODE2173
107725,NODE2172,NODE2184
108020,NODE2164,NODE2177
108121,NODE2153,NODE2184
108222,NODE2162,NODE2166
108323,NODE2179,NODE2172
108525,NODE2164,NODE2177
108828,NODE2162,NODE2142
109123,NODE2159,NODE2168
109325,NODE2179,NODE2180
109830,NODE2164,NODE2162
110007,NODE2184,NODE2184
110411,NODE2160,NODE2180
110613,NODE2160,NODE2162
111009,NODE2168,NODE2168
111211,NODE2153,NODE2180
111312,NODE2153,NODE2184
111413,NODE2164,NODE2181
111514,NODE2156,NODE2176
111716,NODE2172,NODE2173
112112,NODE2164,NODE2173
112314,NODE2139,NODE2180
112819,NODE2176,NODE2172
112920,NODE2162,NODE2166
113215,NODE2173,NODE2184
113316,NODE2183,NODE2180
113417,NODE2172,NODE2180
113619,NODE2173,NODE2162
113821,NODE2164,NODE2173
113922,NODE2159,NODE2180
114116,NODE2173,NODE2172
114217,NODE2164,NODE2168
114318,NODE2168,NODE2180
114419,NODE2173,NODE2168
114621,NODE2160,NODE2162
114823,NODE2174,NODE2162
114924,NODE2164,NODE2173
115017,NODE2164,NODE2162
115219,NODE2156,NODE2162
115320,NODE2179,NODE2172
115724,NODE2181,NODE2168
115825,NODE2168,NODE2184
116120,NODE2169,NODE2180
116221,NODE2181,NODE2168
116423,NODE2139,NODE2184
116524,NODE2181,NODE2180
116726,NODE2180,NODE2166
117021,NODE2162,NODE2184
117122,NODE2184,NODE2180
117324,NODE2177,NODE2177
117728,NODE2172,NODE2162
117930,NODE2172,NODE2180
118023,NODE2184,NODE2184
118124,NODE2153,NODE2184
118225,NODE2176,NODE2162
118528,NODE2177,NODE2177
118730,NODE2162,NODE2168
118831,NODE2164,NODE2180
118932,NODE2142,NODE2180
119025,NODE2183,NODE2168
119126,NODE2180,NODE2180
119732,NODE2164,NODE2166
119833,NODE2172,NODE2177
120010,NODE2169,NODE2180
120111,NODE2156,NODE2172
120212,NODE2164,NODE2162
120414,NODE2180,NODE2180
120515,NODE2164,NODE2172
120717,NODE2164,NODE2180
121315,NODE2180,NODE2180
121416,NODE2173,NODE2162
121618,NODE2172,NODE2166
121719,NODE2176,NODE2173
121820,NODE2184,NODE2184
121921,NODE2162,NODE2178
122317,NODE2163,NODE2178
122418,NODE2184,NODE2166
122620,NODE2174,NODE2168
122822,NODE2071,NODE2173
123117,NODE2184,NODE2168
123420,NODE2176,NODE2180
123521,NODE2172,NODE2162
123723,NODE2172,NODE2172
123925,NODE2180,NODE2180
124220,NODE2180,NODE2178
124422,NODE2173,NODE2173
124624,NODE2179,NODE2180
124826,NODE2159,NODE2180
125222,NODE2173,NODE2178
125424,NODE2159,NODE2180
125525,NODE2184,NODE2184
126325,NODE2180,NODE2168
126426,NODE2179,NODE2180
126628,NODE2164,NODE2180
126931,NODE2184,NODE2177
127327,NODE2139,NODE2162
127630,NODE2168,NODE2173
127731,NODE2173,NODE2184
127832,NODE2153,NODE2168
127933,NODE2179,NODE2162
128026,NODE2142,NODE2142
128127,NODE2173,NODE2173
128329,NODE2159,NODE2159
128632,NODE2131,NODE2177
128935,NODE2179,NODE2180
129028,NODE2173,NODE2168
129129,NODE2177,NODE2173
129331,NODE2180,NODE2173
129432,NODE2169,NODE2180
129533,NODE2181,NODE2180
129634,NODE2168,NODE2166
129937,NODE2180,NODE2180
130013,NODE2173,NODE2180
130114,NODE2180,NODE2166
130316,NODE2168,NODE2180
130417,NODE2182,NODE2180
130518,NODE2173,NODE2172
130619,NODE2164,NODE2184
130720,NODE2184,NODE2178
130821,NODE2184,NODE2173
130922,NODE2177,NODE2173
131217,NODE2177,NODE2180
131419,NODE2153,NODE2168
131621,NODE2164,NODE2180
131722,NODE2173,NODE2166
131823,NODE2182,NODE2178
131924,NODE2173,NODE2168
132017,NODE2174,NODE2180
132118,NODE2163,NODE2168
133019,NODE2179,NODE2184
133625,NODE2180,NODE2168
133827,NODE2183,NODE2162
133928,NODE2159,NODE2172
134021,NODE2180,NODE2184
134223,NODE2172,NODE2184
134324,NODE2179,NODE2177
134425,NODE2179,NODE2168
134627,NODE2174,NODE2178
134728,NODE2179,NODE2184
134829,NODE2153,NODE2180
135124,NODE2164,NODE2172
135225,NODE2180,NODE2166
135528,NODE2176,NODE2177
135629,NODE2166,NODE2184
135730,NODE2168,NODE2172
135932,NODE2184,NODE2166
136227,NODE2168,NODE2168
136631,NODE2180,NODE2166
136732,NODE2172,NODE2184
136833,NODE2182,NODE2180
137027,NODE2176,NODE2173
137128,NODE2184,NODE2168
137229,NODE2153,NODE2172
137431,NODE2164,NODE2180
137532,NODE2180,NODE2180
137633,NODE2164,NODE2180
137936,NODE2172,NODE2172
138130,NODE2173,NODE2142
138231,NODE2177,NODE2162
138332,NODE2164,NODE2180
138534,NODE2166,NODE2168
138837,NODE2164,NODE2162
139233,NODE2180,NODE2180
139435,NODE2176,NODE2168
139637,NODE2176,NODE2166
139839,NODE2179,NODE2159
140117,NODE2181,NODE2168
140319,NODE2182,NODE2173
140420,NODE2181,NODE2181
140824,NODE2174,NODE2180
140925,NODE2173,NODE2180
141119,NODE2183,NODE2177
141422,NODE2183,NODE2180
141826,NODE2168,NODE2184
142424,NODE2173,NODE2184
142828,NODE2164,NODE2168
143224,NODE2160,NODE2162
143325,NODE2177,NODE2180
143426,NODE2169,NODE2184
143527,NODE2184,NODE2180
143830,NODE2184,NODE2166
144125,NODE2164,NODE2180
144226,NODE2182,NODE2180
144428,NODE2160,NODE2168
144731,NODE2184,NODE2184
144832,NODE2184,NODE2142
144933,NODE2153,NODE2180
145127,NODE2168,NODE2184
145531,NODE2163,NODE2168
145632,NODE2163,NODE2166
145834,NODE2164,NODE2180
146129,NODE2173,NODE2168
146331,NODE2172,NODE2172
146432,NODE2181,NODE2172
146533,NODE2180,NODE2180
146634,NODE2176,NODE2172
146735,NODE2180,NODE2180
146836,NODE2184,NODE2166
146937,NODE2184,NODE2180
147030,NODE2173,NODE2177
147636,NODE2177,NODE2177
147737,NODE2173,NODE2162
148032,NODE2162,NODE2162
148133,NODE2169,NODE2162
148335,NODE2164,NODE2180
148436,NODE2139,NODE2184
148840,NODE2179,NODE2166
148941,NODE2172,NODE2172
149236,NODE2169,NODE2180
149337,NODE2176,NODE2180
149539,NODE2173,NODE2184
149741,NODE2156,NODE2180
149842,NODE2181,NODE2168
150019,NODE2172,NODE2162
150423,NODE2172,NODE2184
150524,NODE2173,NODE2180
150625,NODE2182,NODE2178
150726,NODE2176,NODE2168
150928,NODE2176,NODE2169
151021,NODE2168,NODE2173
151223,NODE2168,NODE2168
151324,NODE2176,NODE2168
151425,NODE2164,NODE2180
151526,NODE2139,NODE2180
151627,NODE2180,NODE2180
151728,NODE2179,NODE2180
151829,NODE2164,NODE2162
151930,NODE2173,NODE2162
152225,NODE2071,NODE2172
152427,NODE2164,NODE2173
152831,NODE2180,NODE2168
153025,NODE2179,NODE2159
153126,NODE2177,NODE2184
153227,NODE2168,NODE2180
153429,NODE2153,NODE2177
153631,NODE2164,NODE2168
153732,NODE2172,NODE2180
153833,NODE2180,NODE2180
153934,NODE2175,NODE2184
154229,NODE2184,NODE2173
154330,NODE2071,NODE2159
154431,NODE2164,NODE2180
154532,NODE2176,NODE2166
154734,NODE2173,NODE2166
154835,NODE2142,NODE2142
154936,NODE2181,NODE2184
155231,NODE2162,NODE2166
155635,NODE2139,NODE2177
155938,NODE2182,NODE2166
156031,NODE2179,NODE2168
156233,NODE2172,NODE2180
156334,NODE2172,NODE2180
156435,NODE2183,NODE2177
156536,NODE2170,NODE2159
156637,NODE2176,NODE2168
157336,NODE2177,NODE2142
157437,NODE2175,NODE2180
157942,NODE2182,NODE2166
158035,NODE2160,NODE2168
158136,NODE2173,NODE2166
158338,NODE2164,NODE2168
158540,NODE2164,NODE2177
158843,NODE2176,NODE2180
159138,NODE2159,NODE2180
159239,NODE2164,NODE2180
159340,NODE2159,NODE2180
159441,NODE2153,NODE2172
159744,NODE2164,NODE2180
159845,NODE2168,NODE2180
159946,NODE2184,NODE2180
160123,NODE2180,NODE2168
160729,NODE2180,NODE2180
160830,NODE2181,NODE2156
160931,NODE2164,NODE2171
161327,NODE2172,NODE2166
161630,NODE2183,NODE2173
161731,NODE2139,NODE2142
161832,NODE2164,NODE2178
162026,NODE2164,NODE2168
162228,NODE2183,NODE2178
162329,NODE2164,NODE2184
162733,NODE2172,NODE2184
162935,NODE2173,NODE2180
163129,NODE2177,NODE2180
163331,NODE2159,NODE2180
163432,NODE2160,NODE2173
163836,NODE2172,NODE2172
164030,NODE2182,NODE2173
164131,NODE2153,NODE2180
164636,NODE2180,NODE2180
164939,NODE2172,NODE2142
165032,NODE2159,NODE2162
165234,NODE2172,NODE2168
165436,NODE2184,NODE2166
165638,NODE2163,NODE2184
165840,NODE2173,NODE2162
165941,NODE2173,NODE2162
166438,NODE2172,NODE2184
166640,NODE2182,NODE2180
167036,NODE2164,NODE2173
167238,NODE2182,NODE2180
167440,NODE2173,NODE2168
167743,NODE2177,NODE2168
168038,NODE2172,NODE2168
168139,NODE2174,NODE2180
168240,NODE2181,NODE2184
168341,NODE2168,NODE2173
168745,NODE2164,NODE2184
168947,NODE2172,NODE2180
169040,NODE2177,NODE2166
169141,NODE2182,NODE2168
169343,NODE2156,NODE2168
169444,NODE2172,NODE2168
169747,NODE2168,NODE2177
169949,NODE2174,NODE2178
170631,NODE2139,NODE2180
170934,NODE2177,NODE2177
171128,NODE2172,NODE2164
171330,NODE2183,NODE2168
171431,NODE2180,NODE2180
171532,NODE2164,NODE2172
171633,NODE2181,NODE2160
171734,NODE2172,NODE2180
172029,NODE2172,NODE2166
172130,NODE2153,NODE2177
172332,NODE2139,NODE2184
172433,NODE2164,NODE2168
172534,NODE2164,NODE2173
172635,NODE2172,NODE2177
172938,NODE2164,NODE2168
173132,NODE2172,NODE2180
173233,NODE2164,NODE2177
173334,NODE2183,NODE2160
173435,NODE2172,NODE2166
173536,NODE2164,NODE2168
173637,NODE2180,NODE2172
173738,NODE2172,NODE2180
173839,NODE2184,NODE2162
173940,NODE2164,NODE2180
174437,NODE2164,NODE2164
174841,NODE2175,NODE2166
175035,NODE2180,NODE2180
175136,NODE2172,NODE2180
175237,NODE2153,NODE2168
175338,NODE2163,NODE2178
175439,NODE2179,NODE2180
175540,NODE2159,NODE2173
175742,NODE2159,NODE2164
176037,NODE2164,NODE2162
176239,NODE2173,NODE2177
176441,NODE2179,NODE2180
176542,NODE2168,NODE2168
176744,NODE2176,NODE2168
177140,NODE2180,NODE2184
177241,NODE2180,NODE2168
177342,NODE2180,NODE2162
177645,NODE2129,NODE2166
177746,NODE2169,NODE2173
178142,NODE2172,NODE2180
178243,NODE2168,NODE2168
178647,NODE2169,NODE2180
178748,NODE2163,NODE2173
178849,NODE2164,NODE2180
178950,NODE2170,NODE2180
179245,NODE2153,NODE2172
179346,NODE2176,NODE2180
179548,NODE2172,NODE2177
179952,NODE2164,NODE2177
180129,NODE2181,NODE2168
180230,NODE2180,NODE2166
180432,NODE2184,NODE2180
180533,NODE2181,NODE2180
180735,NODE2173,NODE2173
180836,NODE2164,NODE2164
180937,NODE2129,NODE2172
181131,NODE2153,NODE2168
181232,NODE2180,NODE2166
181636,NODE2159,NODE2173
182032,NODE2181,NODE2168
182436,NODE2184,NODE2166
182739,NODE2159,NODE2180
182840,NODE2177,NODE2184
183034,NODE2164,NODE2180
183337,NODE2172,NODE2184
183741,NODE2177,NODE2142
185038,NODE2179,NODE2181
185139,NODE2164,NODE2168
185341,NODE2181,NODE2168
185442,NODE2173,NODE2142
185846,NODE2171,NODE2178
185947,NODE2164,NODE2184
186040,NODE2180,NODE2180
186141,NODE2181,NODE2184
186444,NODE2169,NODE2159
186545,NODE2182,NODE2162
186848,NODE2172,NODE2164
186949,NODE2173,NODE2184
187143,NODE2174,NODE2172
187345,NODE2180,NODE2162
187547,NODE2173,NODE2184
187850,NODE2142,NODE2162
188145,NODE2180,NODE2177
188347,NODE2164,NODE2184
188448,NODE2177,NODE2180
188549,NODE2164,NODE2160
188751,NODE2180,NODE2180
189349,NODE2170,NODE2184
189450,NODE2172,NODE2184
190031,NODE2169,NODE2180
190132,NODE2173,NODE2173
191033,NODE2172,NODE2180
191235,NODE2181,NODE2168
191336,NODE2182,NODE2166
191437,NODE2168,NODE2180
191841,NODE2164,NODE2162
191942,NODE2164,NODE2180
192035,NODE2172,NODE2177
192136,NODE2164,NODE2177
192237,NODE2166,NODE2166
192439,NODE2164,NODE2184
192540,NODE2180,NODE2180
192641,NODE2180,NODE2180
192843,NODE2142,NODE2142
193239,NODE2153,NODE2168
193441,NODE2129,NODE2184
193845,NODE2168,NODE2184
194140,NODE2172,NODE2173
194443,NODE2175,NODE2180
194645,NODE2164,NODE2164
194746,NODE2164,NODE2173
194847,NODE2164,NODE2176
195041,NODE2179,NODE2172
195445,NODE2183,NODE2180
195647,NODE2172,NODE2162
195849,NODE2171,NODE2184
195950,NODE2173,NODE2142
196144,NODE2172,NODE2180
196346,NODE2182,NODE2162
196750,NODE2180,NODE2180
196851,NODE2159,NODE2180
196952,NODE2139,NODE2168
197348,NODE2184,NODE2162
197449,NODE2172,NODE2180
197550,NODE2164,NODE2177
197651,NODE2153,NODE2153
198047,NODE2168,NODE2184
198350,NODE2164,NODE2184
198451,NODE2173,NODE2178
198653,NODE2180,NODE2166
198855,NODE2129,NODE2166
199150,NODE2172,NODE2142
199251,NODE2176,NODE2164
199352,NODE2180,NODE2172
199453,NODE2172,NODE2180
199655,NODE2170,NODE2166
199958,NODE2172,NODE2160
200008,NODE2184,NODE2180
200109,NODE2184,NODE2168
200210,NODE2172,NODE2184
200311,NODE2179,NODE2177
200513,NODE2162,NODE2162
200614,NODE2159,NODE2159
200917,NODE2181,NODE2173
201111,NODE2177,NODE2177
201414,NODE2180,NODE2180
201515,NODE2164,NODE2176
201717,NODE2168,NODE2168
201818,NODE2168,NODE2180
202113,NODE2179,NODE2168
202719,NODE2164,NODE2178
202820,NODE2184,NODE2172
203418,NODE2182,NODE2180
203721,NODE2173,NODE2180
203923,NODE2180,NODE2180
204016,NODE2181,NODE2173
204218,NODE2164,NODE2180
204319,NODE2172,NODE2162
204420,NODE2173,NODE2173
204521,NODE2179,NODE2180
204622,NODE2177,NODE2177
205119,NODE2164,NODE2173
205220,NODE2179,NODE2180
205725,NODE2184,NODE2166
205826,NODE2176,NODE2168
206222,NODE2173,NODE2180
206323,NODE2164,NODE2168
206525,NODE2174,NODE2162
206727,NODE2160,NODE2162
206828,NODE2179,NODE2173
206929,NODE2176,NODE2180
207123,NODE2168,NODE2168
207426,NODE2156,NODE2180
207628,NODE2163,NODE2177
208024,NODE2172,NODE2177
208125,NODE2184,NODE2168
208226,NODE2173,NODE2180
208327,NODE2181,NODE2168
208428,NODE2173,NODE2168
208630,NODE2139,NODE2180
209127,NODE2164,NODE2177
209228,NODE2172,NODE2180
209329,NODE2173,NODE2166
209531,NODE2129,NODE2168
209834,NODE2172,NODE2180
209935,NODE2164,NODE2168
210011,NODE2164,NODE2162
210112,NODE2175,NODE2172
210415,NODE2177,NODE2166
210617,NODE2153,NODE2177
211114,NODE2153,NODE2177
211215,NODE2172,NODE2178
211316,NODE2172,NODE2180
211417,NODE2153,NODE2166
211619,NODE2181,NODE2180
211720,NODE2178,NODE2178
211821,NODE2168,NODE2177
211922,NODE2180,NODE2162
212015,NODE2177,NODE2166
212116,NODE2180,NODE2168
212217,NODE2177,NODE2168
212318,NODE2177,NODE2177
212419,NODE2129,NODE2180
212823,NODE2181,NODE2180
213017,NODE2176,NODE2172
213421,NODE2180,NODE2180
213522,NODE2173,NODE2168
214019,NODE2168,NODE2180
214221,NODE2184,NODE2184
214423,NODE2182,NODE2162
214524,NODE2173,NODE2180
214625,NODE2071,NODE2174
214726,NODE2164,NODE2166
217126,NODE2172,NODE2180
217429,NODE2164,NODE2168
219231,NODE2176,NODE2177
220721,NODE2168,NODE2162
221218,NODE2184,NODE2180
221319,NODE2173,NODE2168
223929,NODE2176,NODE2180
224022,NODE2176,NODE2176
227432,NODE2172,NODE2176
227533,NODE2174,NODE2180
228434,NODE2168,NODE2184
231928,NODE2172,NODE2168
233326,NODE2071,NODE2177
236130,NODE2159,NODE2180
237334,NODE2180,NODE2172
238033,NODE2164,NODE2180
239136,NODE2164,NODE2180
239944,NODE2156,NODE2168
245333,NODE2168,NODE2162
246133,NODE2177,NODE2168
248238,NODE2129,NODE2173
248339,NODE2159,NODE2142
249947,NODE2181,NODE2180
250427,NODE2173,NODE2180
250932,NODE2160,NODE2180
251833,NODE2177,NODE2177
255639,NODE2177,NODE2180
255740,NODE2164,NODE2168
256540,NODE2172,NODE2172
257542,NODE2182,NODE2162
257845,NODE2166,NODE2166
257946,NODE2170,NODE2173
263436,NODE2168,NODE2162
268749,NODE2168,NODE2162
268850,NODE2153,NODE2180
270332,NODE2181,NODE2180
274542,NODE2139,NODE2160
275645,NODE2180,NODE2168
280739,NODE2180,NODE2180
280941,NODE2168,NODE2173
281135,NODE2181,NODE2180
283543,NODE2173,NODE2180
284646,NODE2164,NODE2181
285345,NODE2173,NODE2168
285446,NODE2180,NODE2180
286347,NODE2169,NODE2180
286650,NODE2181,NODE2180
289555,NODE2180,NODE2162
290136,NODE2177,NODE2168
293748,NODE2164,NODE2172
295146,NODE2164,NODE2177
297655,NODE2177,NODE2173
298051,NODE2181,NODE2168
298455,NODE2172,NODE2184
299154,NODE2129,NODE2181
299760,NODE2174,NODE2142
300618,NODE2183,NODE2173
300719,NODE2175,NODE2168
303119,NODE2173,NODE2180
303624,NODE2164,NODE2172
304020,NODE2153,NODE2177
304727,NODE2184,NODE2180
305830,NODE2184,NODE2168
307127,NODE2180,NODE2177
308129,NODE2160,NODE2180
308331,NODE2164,NODE2180
309636,NODE2159,NODE2168
310621,NODE2176,NODE2178
311320,NODE2172,NODE2180
314225,NODE2183,NODE2180
316633,NODE2180,NODE2177
316835,NODE2182,NODE2162
317332,NODE2159,NODE2168
318637,NODE2162,NODE2184
320826,NODE2181,NODE2178
321323,NODE2179,NODE2180
322224,NODE2172,NODE2177
325129,NODE2181,NODE2162
329440,NODE2183,NODE2173
329844,NODE2164,NODE2168
330324,NODE2159,NODE2177
333330,NODE2180,NODE2180
334635,NODE2172,NODE2180
336841,NODE2184,NODE2180
339847,NODE2164,NODE2173
341834,NODE2139,NODE2172
342129,NODE2183,NODE2184
346137,NODE2170,NODE2173
346945,NODE2181,NODE2153
348545,NODE2160,NODE2177
349244,NODE2173,NODE2172
350330,NODE2173,NODE2180
351938,NODE2168,NODE2142
352132,NODE2164,NODE2172
352738,NODE2071,NODE2180
353740,NODE2166,NODE2180
355239,NODE2181,NODE2166
355542,NODE2164,NODE2180
355845,NODE2164,NODE2164
356948,NODE2159,NODE2180
358144,NODE2176,NODE2176
360030,NODE2160,NODE2184
361234,NODE2184,NODE2180
361941,NODE2181,NODE2180
362034,NODE2172,NODE2162
365343,NODE2180,NODE2173
366042,NODE2164,NODE2180
366446,NODE2180,NODE2177
368551,NODE2173,NODE2142
368753,NODE2129,NODE2162
371843,NODE2184,NODE2162
376247,NODE2182,NODE2166
377451,NODE2170,NODE2172
378756,NODE2180,NODE2172
378857,NODE2180,NODE2180
379657,NODE2177,NODE2180
380036,NODE2182,NODE2176
381038,NODE2180,NODE2180
382242,NODE2164,NODE2164
385046,NODE2169,NODE2180
385450,NODE2181,NODE2184
386250,NODE2164,NODE2168
387959,NODE2180,NODE2162
389357,NODE2184,NODE2177
390645,NODE2164,NODE2177
391748,NODE2184,NODE2180
392447,NODE2173,NODE2173
393247,NODE2164,NODE2177
393550,NODE2183,NODE2168
394956,NODE2180,NODE2166
395251,NODE2172,NODE2180
395756,NODE2180,NODE2180
395958,NODE2181,NODE2168
397154,NODE2176,NODE2171
397760,NODE2181,NODE2180
397861,NODE2071,NODE2177
401422,NODE2180,NODE2168
406432,NODE2131,NODE2131
406836,NODE2162,NODE2168
412528,NODE2184,NODE2168
413934,NODE2176,NODE2162
414229,NODE2175,NODE2184
415837,NODE2071,NODE2172
419239,NODE2180,NODE2160
421226,NODE2182,NODE2180
422632,NODE2168,NODE2142
424939,NODE2176,NODE2159
429040,NODE2180,NODE2180
432332,NODE2163,NODE2173
433839,NODE2172,NODE2180
436239,NODE2162,NODE2168
436845,NODE2184,NODE2162
441939,NODE2164,NODE2180
445543,NODE2168,NODE2168
448347,NODE2172,NODE2184
449753,NODE2071,NODE2180
453441,NODE2175,NODE2177
453542,NODE2164,NODE2160
454140,NODE2179,NODE2180
456346,NODE2168,NODE2166
459453,NODE2172,NODE2173
461743,NODE2168,NODE2168
462139,NODE2168,NODE2180
463040,NODE2164,NODE2172
465852,NODE2180,NODE2180
467351,NODE2164,NODE2180
468050,NODE2180,NODE2180
469961,NODE2160,NODE2162
473952,NODE2184,NODE2184
475855,NODE2181,NODE2162
479762,NODE2183,NODE2177
480141,NODE2180,NODE2180
481042,NODE2184,NODE2168
481951,NODE2176,NODE2180
485757,NODE2173,NODE2180
486759,NODE2172,NODE2177
492754,NODE2184,NODE2180
495255,NODE2162,NODE2168
497865,NODE2164,NODE2180
499566,NODE2180,NODE2173
500222,NODE2179,NODE2162
506234,NODE2182,NODE2178
510225,NODE2071,NODE2177
510326,NODE2180,NODE2173
512835,NODE2182,NODE2184
513130,NODE2172,NODE2168
513736,NODE2180,NODE2166
516742,NODE2173,NODE2177
517239,NODE2180,NODE2168
518746,NODE2182,NODE2162
519647,NODE2163,NODE2166
519950,NODE2159,NODE2180
520228,NODE2179,NODE2178
521331,NODE2180,NODE2159
522434,NODE2184,NODE2180
523032,NODE2139,NODE2173
524135,NODE2162,NODE2184
525541,NODE2163,NODE2162
529549,NODE2180,NODE2180
529953,NODE2176,NODE2169
530635,NODE2184,NODE2166
531536,NODE2182,NODE2162
531940,NODE2164,NODE2173
536647,NODE2172,NODE2177
540436,NODE2172,NODE2176
541640,NODE2182,NODE2162
541943,NODE2173,NODE2162
545345,NODE2181,NODE2168
547046,NODE2162,NODE2180
548250,NODE2182,NODE2159
549757,NODE2164,NODE2180
550439,NODE2168,NODE2168
552241,NODE2156,NODE2142
552544,NODE2180,NODE2180
553344,NODE2180,NODE2180
555348,NODE2172,NODE2172
555651,NODE2177,NODE2184
555954,NODE2181,NODE2162
557857,NODE2183,NODE2180
558657,NODE2164,NODE2166
558960,NODE2163,NODE2142
559053,NODE2164,NODE2180
559457,NODE2160,NODE2164
561242,NODE2163,NODE2180
561444,NODE2159,NODE2173
561949,NODE2168,NODE2162
562345,NODE2164,NODE2176
562446,NODE2180,NODE2180
565452,NODE2164,NODE2184
566454,NODE2164,NODE2180
567052,NODE2175,NODE2180
567759,NODE2184,NODE2180
567961,NODE2164,NODE2180
568963,NODE2164,NODE2169
569965,NODE2164,NODE2176
570243,NODE2172,NODE2180
571144,NODE2172,NODE2131
571548,NODE2164,NODE2180
572045,NODE2164,NODE2184
573249,NODE2173,NODE2178
573451,NODE2181,NODE2162
576255,NODE2176,NODE2142
578057,NODE2162,NODE2171
578158,NODE2176,NODE2180
579665,NODE2182,NODE2168
579867,NODE2164,NODE2180
580044,NODE2181,NODE2168
580347,NODE2180,NODE2177
580650,NODE2180,NODE2162
580751,NODE2184,NODE2184
581349,NODE2172,NODE2173
581450,NODE2160,NODE2166
583858,NODE2174,NODE2142
584355,NODE2139,NODE2177
585256,NODE2184,NODE2180
585862,NODE2179,NODE2180
586460,NODE2181,NODE2180
587664,NODE2180,NODE2168
588565,NODE2182,NODE2162
589567,NODE2175,NODE2169
590047,NODE2184,NODE2180
592455,NODE2168,NODE2166
594156,NODE2184,NODE2178
597869,NODE2182,NODE2162
598568,NODE2164,NODE2142
599065,NODE2181,NODE2184
599469,NODE2181,NODE2164
599671,NODE2164,NODE2184
601127,NODE2164,NODE2178
604537,NODE2184,NODE2180
609143,NODE2184,NODE2180
611231,NODE2184,NODE2173
611938,NODE2159,NODE2168
613235,NODE2172,NODE2166
613538,NODE2180,NODE2184
614439,NODE2177,NODE2180
615441,NODE2139,NODE2180
615744,NODE2179,NODE2166
616645,NODE2173,NODE2171
617748,NODE2175,NODE2184
618952,NODE2164,NODE2180
620434,NODE2184,NODE2180
622236,NODE2162,NODE2162
623137,NODE2177,NODE2177
623844,NODE2179,NODE2168
626648,NODE2168,NODE2162
627549,NODE2182,NODE2184
627852,NODE2172,NODE2180
628248,NODE2172,NODE2164
633847,NODE2160,NODE2180
634748,NODE2177,NODE2166
635245,NODE2172,NODE2180
638049,NODE2164,NODE2168
644044,NODE2164,NODE2166
644246,NODE2172,NODE2184
645450,NODE2164,NODE2166
645551,NODE2180,NODE2180
647858,NODE2071,NODE2180
650746,NODE2164,NODE2180
654552,NODE2181,NODE2184
654754,NODE2172,NODE2180
656253,NODE2164,NODE2180
656657,NODE2153,NODE2176
657659,NODE2153,NODE2172
660951,NODE2159,NODE2142
662551,NODE2162,NODE2162
663755,NODE2177,NODE2180
664757,NODE2168,NODE2180
665254,NODE2169,NODE2169
667056,NODE2175,NODE2180
671855,NODE2184,NODE2160
672756,NODE2176,NODE2180
673455,NODE2174,NODE2174
675661,NODE2159,NODE2168
677766,NODE2162,NODE2184
677968,NODE2176,NODE2168
679568,NODE2181,NODE2180
679770,NODE2172,NODE2172
680250,NODE2177,NODE2177
680452,NODE2181,NODE2180
680957,NODE2179,NODE2172
683256,NODE2180,NODE2180
685058,NODE2183,NODE2164
686969,NODE2139,NODE2184
687163,NODE2169,NODE2173
688569,NODE2179,NODE2168
689470,NODE2162,NODE2168
690152,NODE2170,NODE2178
692964,NODE2153,NODE2184
693461,NODE2180,NODE2180
693764,NODE2174,NODE2162
694362,NODE2180,NODE2168
695768,NODE2171,NODE2142
698168,NODE2176,NODE2162
700634,NODE2176,NODE2176
701535,NODE2180,NODE2162
702133,NODE2182,NODE2168
704238,NODE2180,NODE2184
705341,NODE2182,NODE2180
706040,NODE2180,NODE2184
707749,NODE2173,NODE2180
709551,NODE2139,NODE2180
713239,NODE2153,NODE2164
715041,NODE2173,NODE2173
715647,NODE2176,NODE2168
715950,NODE2164,NODE2180
720337,NODE2179,NODE2180
723141,NODE2180,NODE2162
724446,NODE2162,NODE2166
725751,NODE2071,NODE2177
727553,NODE2139,NODE2180
727654,NODE2174,NODE2177
728454,NODE2172,NODE2184
729254,NODE2175,NODE2168
729557,NODE2172,NODE2162
731140,NODE2172,NODE2180
732243,NODE2168,NODE2177
733548,NODE2181,NODE2180
734045,NODE2156,NODE2180
734247,NODE2160,NODE2177
735148,NODE2177,NODE2162
742549,NODE2139,NODE2171
744553,NODE2164,NODE2180
745555,NODE2164,NODE2177
748258,NODE2166,NODE2166
748662,NODE2164,NODE2166
749058,NODE2180,NODE2166
749361,NODE2180,NODE2168
751348,NODE2173,NODE2142
751550,NODE2168,NODE2177
753150,NODE2071,NODE2168
753251,NODE2174,NODE2184
756055,NODE2180,NODE2168
757764,NODE2184,NODE2180
759869,NODE2184,NODE2168
760551,NODE2173,NODE2180
761957,NODE2180,NODE2166
763557,NODE2183,NODE2142
765864,NODE2172,NODE2180
766563,NODE2171,NODE2166
767464,NODE2164,NODE2180
769064,NODE2173,NODE2184
770352,NODE2139,NODE2166
771354,NODE2169,NODE2162
773257,NODE2166,NODE2184
774663,NODE2129,NODE2181
779370,NODE2184,NODE2166
782157,NODE2184,NODE2168
782561,NODE2172,NODE2168
783462,NODE2182,NODE2168
784565,NODE2173,NODE2180
786569,NODE2163,NODE2173
788674,NODE2184,NODE2166
788876,NODE2071,NODE2177
789373,NODE2180,NODE2184
792564,NODE2180,NODE2168
792766,NODE2159,NODE2159
792867,NODE2182,NODE2166
793465,NODE2177,NODE2177
800941,NODE2160,NODE2184
802844,NODE2177,NODE2173
803240,NODE2173,NODE2184
804646,NODE2172,NODE2166
809252,NODE2173,NODE2180
810439,NODE2177,NODE2168
810843,NODE2183,NODE2184
812746,NODE2183,NODE2184
814548,NODE2169,NODE2162
814649,NODE2174,NODE2184
815247,NODE2168,NODE2177
816653,NODE2176,NODE2168
818455,NODE2181,NODE2168
818859,NODE2153,NODE2159
820745,NODE2162,NODE2142
822244,NODE2173,NODE2180
825048,NODE2180,NODE2162
825553,NODE2159,NODE2168
825654,NODE2181,NODE2180
826353,NODE2173,NODE2180
826454,NODE2179,NODE2166
827052,NODE2180,NODE2180
828862,NODE2173,NODE2180
832651,NODE2164,NODE2180
833148,NODE2173,NODE2177
833249,NODE2177,NODE2180
835657,NODE2164,NODE2180
837560,NODE2163,NODE2184
837964,NODE2156,NODE2159
841349,NODE2164,NODE2168
843151,NODE2179,NODE2180
844961,NODE2179,NODE2162
845458,NODE2180,NODE2164
849264,NODE2153,NODE2180
849971,NODE2169,NODE2178
852455,NODE2179,NODE2177
856463,NODE2164,NODE2184
856766,NODE2181,NODE2180
856968,NODE2180,NODE2180
857263,NODE2172,NODE2172
859671,NODE2156,NODE2180
861456,NODE2164,NODE2177
865363,NODE2174,NODE2180
867468,NODE2172,NODE2172
869472,NODE2164,NODE2180
870861,NODE2177,NODE2168
871762,NODE2164,NODE2162
871964,NODE2176,NODE2162
872158,NODE2180,NODE2168
872562,NODE2172,NODE2177
872764,NODE2177,NODE2173
873968,NODE2172,NODE2177
877168,NODE2173,NODE2180
877269,NODE2071,NODE2177
878877,NODE2160,NODE2180
880157,NODE2181,NODE2180
882161,NODE2168,NODE2168
884064,NODE2177,NODE2172
885975,NODE2180,NODE2180
886674,NODE2182,NODE2168
887373,NODE2160,NODE2168
888678,NODE2162,NODE2180
889579,NODE2169,NODE2180
891667,NODE2173,NODE2173
894067,NODE2169,NODE2180
894673,NODE2162,NODE2184
894774,NODE2159,NODE2168
896778,NODE2071,NODE2177
896879,NODE2180,NODE2166
898176,NODE2173,NODE2180
899885,NODE2164,NODE2184
901038,NODE2176,NODE2173
901139,NODE2175,NODE2180
901442,NODE2172,NODE2168
902242,NODE2173,NODE2162
904044,NODE2168,NODE2180
905147,NODE2184,NODE2180
907656,NODE2173,NODE2180
908860,NODE2169,NODE2162
910241,NODE2139,NODE2162
910443,NODE2183,NODE2162
911849,NODE2181,NODE2180
912447,NODE2172,NODE2168
917255,NODE2177,NODE2168
917558,NODE2142,NODE2142
919966,NODE2184,NODE2180
922854,NODE2172,NODE2172
923755,NODE2176,NODE2162
926862,NODE2184,NODE2162
927359,NODE2169,NODE2184
929464,NODE2071,NODE2180
930449,NODE2153,NODE2184
932554,NODE2164,NODE2180
933253,NODE2169,NODE2169
937160,NODE2179,NODE2168
942658,NODE2164,NODE2168
947668,NODE2179,NODE2162
951457,NODE2180,NODE2168
952863,NODE2180,NODE2173
953764,NODE2181,NODE2180
955465,NODE2176,NODE2168
957974,NODE2177,NODE2173
959574,NODE2176,NODE2168
962058,NODE2184,NODE2180
965367,NODE2164,NODE2181
965771,NODE2131,NODE2131
966975,NODE2168,NODE2168
969476,NODE2181,NODE2180
970764,NODE2172,NODE2168
971160,NODE2169,NODE2166
972566,NODE2180,NODE2180
973770,NODE2153,NODE2181
978578,NODE2180,NODE2180
979984,NODE2164,NODE2172
983773,NODE2173,NODE2180
984472,NODE2162,NODE2168
987074,NODE2172,NODE2178
987983,NODE2168,NODE2173
989987,NODE2179,NODE2142
990366,NODE2175,NODE2180
991267,NODE2166,NODE2184
992774,NODE2181,NODE2180
993675,NODE2180,NODE2180
994273,NODE2169,NODE2177
995174,NODE2182,NODE2142
996782,NODE2172,NODE2180
