subjects,temporal
647858.L,NODE2071
415837.L,NODE2071
725751.L,NODE2071
510225.L,NODE2071
896778.L,NODE2071
449753.L,NODE2071
788876.L,NODE2071
877269.L,NODE2071
233326.L,NODE2071
352738.L,NODE2071
122822.L,NODE2071
753150.L,NODE2071
154330.L,NODE2071
214625.L,NODE2071
152225.L,NODE2071
397861.L,NODE2071
929464.L,NODE2071
180937.L,NODE2129
774663.L,NODE2129
198855.L,NODE2129
299154.L,NODE2129
177645.L,NODE2129
212419.L,NODE2129
248238.L,NODE2129
368753.L,NODE2129
193441.L,NODE2129
209531.L,NODE2129
102715.L,NODE2131
128632.L,NODE2131
965771.L,NODE2131
571144.R,NODE2131
965771.R,NODE2131
406432.L,NODE2131
406432.R,NODE2131
116423.L,NODE2139
155635.L,NODE2139
910241.L,NODE2139
151526.L,NODE2139
196952.L,NODE2139
172332.L,NODE2139
770352.L,NODE2139
615441.L,NODE2139
709551.L,NODE2139
584355.L,NODE2139
742549.L,NODE2139
127327.L,NODE2139
727553.L,NODE2139
161731.L,NODE2139
274542.L,NODE2139
208630.L,NODE2139
170631.L,NODE2139
523032.L,NODE2139
148436.L,NODE2139
341834.L,NODE2139
112314.L,NODE2139
686969.L,NODE2139
128026.R,NODE2142
368551.R,NODE2142
183741.R,NODE2142
164939.R,NODE2142
583858.R,NODE2142
128026.L,NODE2142
763557.R,NODE2142
989987.R,NODE2142
695768.R,NODE2142
161731.R,NODE2142
820745.R,NODE2142
195950.R,NODE2142
248339.R,NODE2142
576255.R,NODE2142
154835.L,NODE2142
154835.R,NODE2142
598568.R,NODE2142
108828.R,NODE2142
157336.R,NODE2142
917558.L,NODE2142
144832.R,NODE2142
299760.R,NODE2142
351938.R,NODE2142
101915.L,NODE2142
138130.R,NODE2142
287248.R,NODE2142
660951.R,NODE2142
422632.R,NODE2142
917558.R,NODE2142
199150.R,NODE2142
552241.R,NODE2142
185442.R,NODE2142
118932.L,NODE2142
187850.L,NODE2142
558960.R,NODE2142
654350.R,NODE2142
995174.R,NODE2142
751348.R,NODE2142
192843.L,NODE2142
192843.R,NODE2142
211417.L,NODE2153
193239.L,NODE2153
657659.L,NODE2153
656657.L,NODE2153
973770.L,NODE2153
211114.L,NODE2153
268850.L,NODE2153
346945.R,NODE2153
100206.L,NODE2153
134829.L,NODE2153
137229.L,NODE2153
118124.L,NODE2153
144933.L,NODE2153
172130.L,NODE2153
304020.L,NODE2153
179245.L,NODE2153
713239.L,NODE2153
164131.L,NODE2153
181131.L,NODE2153
159441.L,NODE2153
103818.L,NODE2153
849264.L,NODE2153
210617.L,NODE2153
153429.L,NODE2153
692964.L,NODE2153
127832.L,NODE2153
818859.L,NODE2153
111211.L,NODE2153
131419.L,NODE2153
197651.L,NODE2153
108121.L,NODE2153
197651.R,NODE2153
930449.L,NODE2153
111312.L,NODE2153
175237.L,NODE2153
169343.L,NODE2156
837964.L,NODE2156
115219.L,NODE2156
552241.L,NODE2156
149741.L,NODE2156
239944.L,NODE2156
120111.L,NODE2156
207426.L,NODE2156
111514.L,NODE2156
160830.R,NODE2156
734045.L,NODE2156
859671.L,NODE2156
200614.R,NODE2159
561444.L,NODE2159
200614.L,NODE2159
175742.L,NODE2159
236130.L,NODE2159
156536.R,NODE2159
675661.L,NODE2159
424939.R,NODE2159
660951.L,NODE2159
186444.R,NODE2159
124826.L,NODE2159
182739.L,NODE2159
330324.L,NODE2159
125424.L,NODE2159
818859.R,NODE2159
317332.L,NODE2159
153025.R,NODE2159
163331.L,NODE2159
159340.L,NODE2159
154330.R,NODE2159
128329.L,NODE2159
181636.L,NODE2159
133928.L,NODE2159
175540.L,NODE2159
113922.L,NODE2159
101107.L,NODE2159
128329.R,NODE2159
837964.R,NODE2159
165032.L,NODE2159
356948.L,NODE2159
548250.R,NODE2159
519950.L,NODE2159
159138.L,NODE2159
611938.L,NODE2159
139839.R,NODE2159
309636.L,NODE2159
894774.L,NODE2159
248339.L,NODE2159
792766.L,NODE2159
792766.R,NODE2159
109123.L,NODE2159
521331.R,NODE2159
196851.L,NODE2159
825553.L,NODE2159
878877.L,NODE2160
143224.L,NODE2160
250932.L,NODE2160
110613.L,NODE2160
123824.L,NODE2160
274542.R,NODE2160
671855.R,NODE2160
163432.L,NODE2160
173334.R,NODE2160
469961.L,NODE2160
887373.L,NODE2160
188549.R,NODE2160
453542.R,NODE2160
559457.L,NODE2160
308129.L,NODE2160
199958.R,NODE2160
144428.L,NODE2160
206727.L,NODE2160
360030.L,NODE2160
800941.L,NODE2160
171633.R,NODE2160
106824.R,NODE2160
100206.R,NODE2160
419239.R,NODE2160
158035.L,NODE2160
114621.L,NODE2160
734247.L,NODE2160
633847.L,NODE2160
581450.L,NODE2160
110411.L,NODE2160
348545.L,NODE2160
123521.R,NODE2162
195647.R,NODE2162
117021.L,NODE2162
729557.R,NODE2162
108222.L,NODE2162
555954.R,NODE2162
814548.R,NODE2162
110613.R,NODE2162
573451.R,NODE2162
495255.L,NODE2162
387959.R,NODE2162
165032.R,NODE2162
547046.L,NODE2162
689470.L,NODE2162
677766.L,NODE2162
196346.R,NODE2162
118730.L,NODE2162
406836.L,NODE2162
112920.L,NODE2162
524135.L,NODE2162
984472.L,NODE2162
165840.R,NODE2162
724446.L,NODE2162
115017.R,NODE2162
910241.R,NODE2162
947668.R,NODE2162
127327.R,NODE2162
923755.R,NODE2162
200513.L,NODE2162
888678.L,NODE2162
894673.L,NODE2162
693764.R,NODE2162
701535.R,NODE2162
220721.R,NODE2162
151829.R,NODE2162
289555.R,NODE2162
118225.R,NODE2162
177342.R,NODE2162
561949.R,NODE2162
263436.R,NODE2162
104416.R,NODE2162
187345.R,NODE2162
735148.R,NODE2162
150019.R,NODE2162
210011.R,NODE2162
698168.R,NODE2162
871964.R,NODE2162
138231.R,NODE2162
268749.R,NODE2162
204319.R,NODE2162
910443.R,NODE2162
117728.R,NODE2162
206525.R,NODE2162
902242.R,NODE2162
165941.R,NODE2162
176037.R,NODE2162
531536.R,NODE2162
908860.R,NODE2162
127933.R,NODE2162
245333.R,NODE2162
475855.R,NODE2162
436239.L,NODE2162
200513.R,NODE2162
186545.R,NODE2162
257542.R,NODE2162
871762.R,NODE2162
148133.R,NODE2162
121416.R,NODE2162
771354.R,NODE2162
318637.L,NODE2162
926862.R,NODE2162
191841.R,NODE2162
368753.R,NODE2162
105923.R,NODE2162
114823.R,NODE2162
392750.R,NODE2162
597869.R,NODE2162
578057.L,NODE2162
820745.L,NODE2162
214423.R,NODE2162
626648.R,NODE2162
844961.R,NODE2162
148032.L,NODE2162
148032.R,NODE2162
622236.L,NODE2162
525541.R,NODE2162
108828.L,NODE2162
120212.R,NODE2162
143224.R,NODE2162
362034.R,NODE2162
500222.R,NODE2162
173839.R,NODE2162
436845.R,NODE2162
113619.R,NODE2162
211922.R,NODE2162
723141.R,NODE2162
197348.R,NODE2162
371843.R,NODE2162
469961.R,NODE2162
206727.R,NODE2162
316835.R,NODE2162
114621.R,NODE2162
138837.R,NODE2162
147737.R,NODE2162
580650.R,NODE2162
151930.R,NODE2162
133827.R,NODE2162
541943.R,NODE2162
541640.R,NODE2162
622236.R,NODE2162
109830.R,NODE2162
825048.R,NODE2162
413934.R,NODE2162
105115.R,NODE2162
115219.R,NODE2162
588565.R,NODE2162
187850.R,NODE2162
518746.R,NODE2162
325129.R,NODE2162
155231.L,NODE2162
121921.L,NODE2162
662551.L,NODE2162
662551.R,NODE2162
432332.L,NODE2163
786569.L,NODE2163
145531.L,NODE2163
558960.L,NODE2163
178748.L,NODE2163
519647.L,NODE2163
122317.L,NODE2163
207628.L,NODE2163
175338.L,NODE2163
132118.L,NODE2163
165638.L,NODE2163
525541.L,NODE2163
561242.L,NODE2163
105620.L,NODE2163
145632.L,NODE2163
837560.L,NODE2163
174437.R,NODE2164
180836.R,NODE2164
713239.R,NODE2164
145834.L,NODE2164
102311.R,NODE2164
186848.R,NODE2164
871762.L,NODE2164
453542.L,NODE2164
645450.L,NODE2164
199251.R,NODE2164
599671.L,NODE2164
303624.L,NODE2164
571548.L,NODE2164
115017.L,NODE2164
217429.L,NODE2164
137633.L,NODE2164
120717.L,NODE2164
171532.L,NODE2164
861456.L,NODE2164
284646.L,NODE2164
979984.L,NODE2164
197550.L,NODE2164
210011.L,NODE2164
172938.L,NODE2164
467351.L,NODE2164
339847.L,NODE2164
835657.L,NODE2164
100307.L,NODE2164
386250.L,NODE2164
942658.L,NODE2164
559457.R,NODE2164
441939.L,NODE2164
151829.L,NODE2164
748662.L,NODE2164
188549.L,NODE2164
191841.L,NODE2164
293748.L,NODE2164
382242.R,NODE2164
628248.R,NODE2164
183034.L,NODE2164
103515.L,NODE2164
869472.L,NODE2164
355845.R,NODE2164
845458.R,NODE2164
167036.L,NODE2164
185139.L,NODE2164
153631.L,NODE2164
206323.L,NODE2164
856463.L,NODE2164
209127.L,NODE2164
126628.L,NODE2164
120515.L,NODE2164
329844.L,NODE2164
745555.L,NODE2164
832651.L,NODE2164
171128.R,NODE2164
111413.L,NODE2164
191942.L,NODE2164
106824.L,NODE2164
137431.L,NODE2164
644044.L,NODE2164
174437.L,NODE2164
463040.L,NODE2164
565452.L,NODE2164
130619.L,NODE2164
572045.L,NODE2164
176037.L,NODE2164
382242.L,NODE2164
932554.L,NODE2164
194847.L,NODE2164
562345.L,NODE2164
185947.L,NODE2164
204218.L,NODE2164
159239.L,NODE2164
650746.L,NODE2164
656253.L,NODE2164
162026.L,NODE2164
568963.L,NODE2164
198350.L,NODE2164
715950.L,NODE2164
151425.L,NODE2164
168745.L,NODE2164
180836.L,NODE2164
238033.L,NODE2164
366042.L,NODE2164
601127.L,NODE2164
352132.L,NODE2164
559053.L,NODE2164
102008.L,NODE2164
142828.L,NODE2164
152427.L,NODE2164
393247.L,NODE2164
566454.L,NODE2164
567961.L,NODE2164
119732.L,NODE2164
255740.L,NODE2164
144125.L,NODE2164
569965.L,NODE2164
114217.L,NODE2164
638049.L,NODE2164
178849.L,NODE2164
205119.L,NODE2164
841349.L,NODE2164
685058.R,NODE2164
158338.L,NODE2164
239136.L,NODE2164
599469.R,NODE2164
138332.L,NODE2164
160931.L,NODE2164
154431.L,NODE2164
214726.L,NODE2164
161832.L,NODE2164
173233.L,NODE2164
598568.L,NODE2164
159744.L,NODE2164
172534.L,NODE2164
579867.L,NODE2164
148335.L,NODE2164
173536.L,NODE2164
135124.L,NODE2164
899885.L,NODE2164
108020.L,NODE2164
175742.R,NODE2164
618952.L,NODE2164
194645.R,NODE2164
173940.L,NODE2164
194746.L,NODE2164
158540.L,NODE2164
390645.L,NODE2164
109830.L,NODE2164
209935.L,NODE2164
767464.L,NODE2164
192136.L,NODE2164
355845.L,NODE2164
531940.L,NODE2164
113821.L,NODE2164
101006.R,NODE2164
101006.L,NODE2164
549757.L,NODE2164
162329.L,NODE2164
744553.L,NODE2164
120212.L,NODE2164
192439.L,NODE2164
355542.L,NODE2164
965367.L,NODE2164
114924.L,NODE2164
188347.L,NODE2164
112112.L,NODE2164
497865.L,NODE2164
108525.L,NODE2164
194645.L,NODE2164
138837.L,NODE2164
201515.L,NODE2164
172433.L,NODE2164
202719.L,NODE2164
558657.L,NODE2164
118831.L,NODE2164
308331.L,NODE2164
131621.L,NODE2164
179952.L,NODE2164
295146.L,NODE2164
991267.L,NODE2166
773257.L,NODE2166
558657.R,NODE2166
130114.R,NODE2166
146836.R,NODE2166
119732.R,NODE2166
139637.R,NODE2166
199655.R,NODE2166
766563.R,NODE2166
102109.R,NODE2166
108222.R,NODE2166
353740.L,NODE2166
804646.R,NODE2166
177645.R,NODE2166
770352.R,NODE2166
135629.L,NODE2166
135932.R,NODE2166
145632.R,NODE2166
668361.R,NODE2166
971160.R,NODE2166
214726.R,NODE2166
761957.R,NODE2166
129634.R,NODE2166
355239.R,NODE2166
135225.R,NODE2166
748662.R,NODE2166
210415.R,NODE2166
645450.R,NODE2166
211417.R,NODE2166
592455.R,NODE2166
143830.R,NODE2166
394956.R,NODE2166
513736.R,NODE2166
779370.R,NODE2166
165436.R,NODE2166
878776.R,NODE2166
122418.R,NODE2166
376247.R,NODE2166
154734.R,NODE2166
613235.R,NODE2166
826454.R,NODE2166
748258.L,NODE2166
748258.R,NODE2166
456346.R,NODE2166
182436.R,NODE2166
634748.R,NODE2166
169040.R,NODE2166
257845.R,NODE2166
154532.R,NODE2166
131722.R,NODE2166
174841.R,NODE2166
181232.R,NODE2166
191336.R,NODE2166
180230.R,NODE2166
615744.R,NODE2166
155938.R,NODE2166
158136.R,NODE2166
121618.R,NODE2166
172029.R,NODE2166
644044.R,NODE2166
161327.R,NODE2166
530635.R,NODE2166
138534.L,NODE2166
148840.R,NODE2166
788674.R,NODE2166
112920.R,NODE2166
896879.R,NODE2166
212015.R,NODE2166
581450.R,NODE2166
724446.R,NODE2166
155231.R,NODE2166
198855.R,NODE2166
192237.L,NODE2166
205725.R,NODE2166
209329.R,NODE2166
173435.R,NODE2166
136631.R,NODE2166
192237.R,NODE2166
749058.R,NODE2166
198653.R,NODE2166
116726.R,NODE2166
157942.R,NODE2166
792867.R,NODE2166
257845.L,NODE2166
519647.R,NODE2166
130316.L,NODE2168
664757.L,NODE2168
159845.L,NODE2168
268749.L,NODE2168
193845.L,NODE2168
263436.L,NODE2168
445543.L,NODE2168
732243.L,NODE2168
783462.R,NODE2168
550439.L,NODE2168
168341.L,NODE2168
561949.L,NODE2168
317332.R,NODE2168
545345.R,NODE2168
611938.R,NODE2168
894774.R,NODE2168
176744.R,NODE2168
825553.R,NODE2168
351938.L,NODE2168
145127.L,NODE2168
285345.R,NODE2168
749361.R,NODE2168
211821.L,NODE2168
694362.R,NODE2168
109123.R,NODE2168
580044.R,NODE2168
675661.R,NODE2168
841349.R,NODE2168
114217.R,NODE2168
126325.R,NODE2168
579665.R,NODE2168
815247.L,NODE2168
626648.L,NODE2168
202113.R,NODE2168
245333.L,NODE2168
280941.L,NODE2168
116221.R,NODE2168
153227.L,NODE2168
298051.R,NODE2168
220721.L,NODE2168
101915.R,NODE2168
207123.L,NODE2168
309636.R,NODE2168
495255.R,NODE2168
129634.L,NODE2168
201818.L,NODE2168
127832.R,NODE2168
132118.R,NODE2168
206323.R,NODE2168
782157.R,NODE2168
122620.R,NODE2168
208428.R,NODE2168
139435.R,NODE2168
101107.R,NODE2168
162026.R,NODE2168
127226.R,NODE2168
456346.L,NODE2168
140117.R,NODE2168
592455.L,NODE2168
100307.R,NODE2168
118730.R,NODE2168
422632.L,NODE2168
114318.L,NODE2168
228434.L,NODE2168
178243.L,NODE2168
178243.R,NODE2168
135730.L,NODE2168
816653.R,NODE2168
176542.R,NODE2168
246133.R,NODE2168
158035.R,NODE2168
406836.R,NODE2168
937160.R,NODE2168
942658.R,NODE2168
153631.R,NODE2168
290136.R,NODE2168
115724.R,NODE2168
156031.R,NODE2168
102513.R,NODE2168
136126.R,NODE2168
753150.R,NODE2168
131924.R,NODE2168
193239.R,NODE2168
167743.R,NODE2168
175237.R,NODE2168
638049.R,NODE2168
165234.R,NODE2168
182032.R,NODE2168
870861.R,NODE2168
213522.R,NODE2168
517239.R,NODE2168
987983.L,NODE2168
205826.R,NODE2168
152831.R,NODE2168
970764.R,NODE2168
160123.R,NODE2168
702133.R,NODE2168
677968.R,NODE2168
818455.R,NODE2168
141826.L,NODE2168
904044.L,NODE2168
201717.L,NODE2168
201717.R,NODE2168
959574.R,NODE2168
142828.R,NODE2168
173536.R,NODE2168
114419.R,NODE2168
886674.R,NODE2168
105014.R,NODE2168
587664.R,NODE2168
131419.R,NODE2168
212116.R,NODE2168
102008.R,NODE2168
329844.R,NODE2168
156637.R,NODE2168
782561.R,NODE2168
149842.R,NODE2168
688569.R,NODE2168
200109.R,NODE2168
255740.R,NODE2168
158338.R,NODE2168
129028.R,NODE2168
133625.R,NODE2168
623844.R,NODE2168
169141.R,NODE2168
172433.R,NODE2168
146129.R,NODE2168
872158.R,NODE2168
127630.L,NODE2168
150726.R,NODE2168
115825.L,NODE2168
751550.L,NODE2168
111009.L,NODE2168
169747.L,NODE2168
887373.R,NODE2168
144428.R,NODE2168
171330.R,NODE2168
185139.R,NODE2168
792564.R,NODE2168
401422.R,NODE2168
810439.R,NODE2168
191437.L,NODE2168
275645.R,NODE2168
209935.R,NODE2168
221319.R,NODE2168
191235.R,NODE2168
151223.L,NODE2168
151223.R,NODE2168
172938.R,NODE2168
123117.R,NODE2168
715647.R,NODE2168
151021.L,NODE2168
393550.R,NODE2168
169343.R,NODE2168
177241.R,NODE2168
214019.L,NODE2168
436239.R,NODE2168
882161.L,NODE2168
882161.R,NODE2168
759869.R,NODE2168
198047.L,NODE2168
917255.R,NODE2168
217429.R,NODE2168
395958.R,NODE2168
300719.R,NODE2168
169444.R,NODE2168
901442.R,NODE2168
137128.R,NODE2168
181131.R,NODE2168
231928.R,NODE2168
462139.L,NODE2168
513130.R,NODE2168
134425.R,NODE2168
180129.R,NODE2168
412528.R,NODE2168
951457.R,NODE2168
481042.R,NODE2168
756055.R,NODE2168
168038.R,NODE2168
185341.R,NODE2168
386250.R,NODE2168
966975.L,NODE2168
550439.R,NODE2168
111009.R,NODE2168
912447.R,NODE2168
136227.L,NODE2168
136227.R,NODE2168
207123.R,NODE2168
984472.R,NODE2168
145531.R,NODE2168
196952.R,NODE2168
138534.R,NODE2168
239944.R,NODE2168
729254.R,NODE2168
101410.R,NODE2168
167440.R,NODE2168
208125.R,NODE2168
305830.R,NODE2168
151324.R,NODE2168
689470.R,NODE2168
119025.R,NODE2168
212217.R,NODE2168
208327.R,NODE2168
966975.R,NODE2168
461743.R,NODE2168
955465.R,NODE2168
461743.L,NODE2168
209531.R,NODE2168
103010.R,NODE2168
176542.L,NODE2168
445543.R,NODE2168
908860.L,NODE2169
687163.L,NODE2169
994273.L,NODE2169
927359.L,NODE2169
889579.L,NODE2169
933253.L,NODE2169
933253.R,NODE2169
814548.L,NODE2169
971160.L,NODE2169
589567.R,NODE2169
129432.L,NODE2169
149236.L,NODE2169
894067.L,NODE2169
992673.R,NODE2169
143426.L,NODE2169
190031.L,NODE2169
150928.R,NODE2169
529953.R,NODE2169
177746.L,NODE2169
120010.L,NODE2169
286347.L,NODE2169
178647.L,NODE2169
849971.L,NODE2169
116120.L,NODE2169
665254.L,NODE2169
665254.R,NODE2169
148133.L,NODE2169
771354.L,NODE2169
385046.L,NODE2169
186444.L,NODE2169
568963.R,NODE2169
189349.L,NODE2170
377451.L,NODE2170
156536.L,NODE2170
257946.L,NODE2170
346137.L,NODE2170
199655.L,NODE2170
178950.L,NODE2170
690152.L,NODE2170
695768.L,NODE2171
766563.L,NODE2171
742549.R,NODE2171
160931.R,NODE2171
397154.R,NODE2171
578057.R,NODE2171
616645.R,NODE2171
765056.R,NODE2171
176845.R,NODE2171
185846.L,NODE2171
195849.L,NODE2171
169444.L,NODE2172
901442.L,NODE2172
513130.L,NODE2172
536647.L,NODE2172
120111.R,NODE2172
105115.L,NODE2172
199150.L,NODE2172
107725.L,NODE2172
107018.L,NODE2172
782561.L,NODE2172
540436.L,NODE2172
101309.R,NODE2172
204319.L,NODE2172
448347.L,NODE2172
171734.L,NODE2172
217126.L,NODE2172
195041.R,NODE2172
168038.L,NODE2172
209834.L,NODE2172
146432.R,NODE2172
146331.L,NODE2172
146331.R,NODE2172
362034.L,NODE2172
153732.L,NODE2172
168947.L,NODE2172
106016.L,NODE2172
613235.L,NODE2172
150423.L,NODE2172
196144.L,NODE2172
433839.L,NODE2172
166438.L,NODE2172
195647.L,NODE2172
635245.L,NODE2172
111716.L,NODE2172
231928.L,NODE2172
341834.R,NODE2172
378756.R,NODE2172
303624.R,NODE2172
202820.R,NODE2172
680957.R,NODE2172
159441.R,NODE2172
210112.R,NODE2172
133928.R,NODE2172
163836.R,NODE2172
163836.L,NODE2172
108323.R,NODE2172
237334.R,NODE2172
352132.R,NODE2172
175136.L,NODE2172
179245.R,NODE2172
657659.R,NODE2172
156233.L,NODE2172
146634.R,NODE2172
731140.L,NODE2172
872562.L,NODE2172
162733.L,NODE2172
211215.L,NODE2172
156334.L,NODE2172
135730.R,NODE2172
137229.R,NODE2172
298455.L,NODE2172
213017.R,NODE2172
152225.R,NODE2172
679770.R,NODE2172
137936.L,NODE2172
137936.R,NODE2172
571144.L,NODE2172
884064.R,NODE2172
334635.L,NODE2172
377451.R,NODE2172
208024.L,NODE2172
395251.L,NODE2172
113417.L,NODE2172
107220.L,NODE2172
189450.L,NODE2172
570243.L,NODE2172
165234.L,NODE2172
173738.L,NODE2172
136732.L,NODE2172
197449.L,NODE2172
293748.R,NODE2172
729557.L,NODE2172
115320.R,NODE2172
186848.L,NODE2172
322224.L,NODE2172
120515.R,NODE2172
171532.R,NODE2172
171128.L,NODE2172
114116.R,NODE2172
112819.R,NODE2172
130518.R,NODE2172
117930.L,NODE2172
581349.L,NODE2172
996782.L,NODE2172
415837.R,NODE2172
857263.R,NODE2172
922854.L,NODE2172
922854.R,NODE2172
183337.L,NODE2172
555348.L,NODE2172
555348.R,NODE2172
979984.R,NODE2172
256540.L,NODE2172
867468.R,NODE2172
211316.L,NODE2172
256540.R,NODE2172
117728.L,NODE2172
123723.L,NODE2172
179548.L,NODE2172
164939.L,NODE2172
192035.L,NODE2172
191033.L,NODE2172
459453.L,NODE2172
857263.L,NODE2172
148941.L,NODE2172
194140.L,NODE2172
173637.R,NODE2172
187143.R,NODE2172
173435.L,NODE2172
987074.L,NODE2172
199958.L,NODE2172
123723.R,NODE2172
199352.R,NODE2172
161327.L,NODE2172
227432.L,NODE2172
135124.R,NODE2172
463040.R,NODE2172
180937.R,NODE2172
349244.R,NODE2172
172635.L,NODE2172
644246.L,NODE2172
970764.L,NODE2172
311320.L,NODE2172
148941.R,NODE2172
178142.L,NODE2172
199453.L,NODE2172
867468.L,NODE2172
873968.L,NODE2172
486759.L,NODE2172
804646.L,NODE2172
912447.L,NODE2172
628248.L,NODE2172
119833.L,NODE2172
173132.L,NODE2172
627852.L,NODE2172
679770.L,NODE2172
209228.L,NODE2172
765864.L,NODE2172
150019.L,NODE2172
172029.L,NODE2172
728454.L,NODE2172
200210.L,NODE2172
134223.L,NODE2172
654754.L,NODE2172
121618.L,NODE2172
123521.L,NODE2172
186949.L,NODE2173
751348.L,NODE2173
208226.L,NODE2173
209329.L,NODE2173
250427.L,NODE2173
877168.L,NODE2173
204016.R,NODE2173
257946.R,NODE2173
187547.L,NODE2173
349244.L,NODE2173
105620.R,NODE2173
175540.R,NODE2173
303119.L,NODE2173
809252.L,NODE2173
392447.L,NODE2173
715041.L,NODE2173
616645.L,NODE2173
983773.L,NODE2173
149539.L,NODE2173
803240.L,NODE2173
907656.L,NODE2173
346137.R,NODE2173
190132.L,NODE2173
190132.R,NODE2173
130518.L,NODE2173
113215.L,NODE2173
826353.L,NODE2173
185442.L,NODE2173
147030.L,NODE2173
516742.L,NODE2173
131722.L,NODE2173
121719.R,NODE2173
114419.L,NODE2173
206222.L,NODE2173
142424.L,NODE2173
158136.L,NODE2173
769064.L,NODE2173
784565.L,NODE2173
902242.L,NODE2173
499566.R,NODE2173
146129.L,NODE2173
164030.R,NODE2173
198451.L,NODE2173
285345.L,NODE2173
138130.L,NODE2173
561444.R,NODE2173
131924.L,NODE2173
368551.L,NODE2173
208428.L,NODE2173
161630.R,NODE2173
898176.L,NODE2173
300618.R,NODE2173
113619.L,NODE2173
147737.L,NODE2173
165840.L,NODE2173
111716.R,NODE2173
130821.R,NODE2173
150524.L,NODE2173
114116.L,NODE2173
760551.L,NODE2173
221319.L,NODE2173
104820.R,NODE2173
891667.R,NODE2173
204420.L,NODE2173
204420.R,NODE2173
485757.L,NODE2173
541943.L,NODE2173
822244.L,NODE2173
124422.R,NODE2173
124422.L,NODE2173
127731.L,NODE2173
297655.R,NODE2173
181636.R,NODE2173
581349.R,NODE2173
180735.L,NODE2173
130922.R,NODE2173
128127.L,NODE2173
165941.L,NODE2173
203721.L,NODE2173
828862.L,NODE2173
168341.R,NODE2173
167440.L,NODE2173
891667.L,NODE2173
200917.R,NODE2173
523032.R,NODE2173
114924.R,NODE2173
122822.R,NODE2173
194746.R,NODE2173
901038.R,NODE2173
214524.L,NODE2173
137027.R,NODE2173
162935.L,NODE2173
283543.L,NODE2173
105014.L,NODE2173
833148.L,NODE2173
107422.R,NODE2173
178748.R,NODE2173
100408.R,NODE2173
112112.R,NODE2173
987983.R,NODE2173
121416.L,NODE2173
176239.L,NODE2173
140925.L,NODE2173
180735.R,NODE2173
206828.R,NODE2173
248238.R,NODE2173
952863.R,NODE2173
737960.R,NODE2173
113821.R,NODE2173
177746.R,NODE2173
687163.R,NODE2173
125222.L,NODE2173
611231.R,NODE2173
329440.R,NODE2173
151021.R,NODE2173
129129.R,NODE2173
140319.R,NODE2173
510326.R,NODE2173
786569.R,NODE2173
213522.L,NODE2173
205119.R,NODE2173
715041.R,NODE2173
365343.R,NODE2173
392447.R,NODE2173
163432.R,NODE2173
194140.R,NODE2173
129331.R,NODE2173
802844.R,NODE2173
707749.L,NODE2173
872764.R,NODE2173
172534.R,NODE2173
339847.R,NODE2173
957974.R,NODE2173
152427.R,NODE2173
280941.R,NODE2173
154229.R,NODE2173
531940.R,NODE2173
167036.R,NODE2173
432332.R,NODE2173
127630.R,NODE2173
128127.R,NODE2173
459453.R,NODE2173
129028.L,NODE2173
130013.L,NODE2173
151930.L,NODE2173
573249.L,NODE2173
154734.L,NODE2173
195950.L,NODE2173
103414.L,NODE2173
350330.L,NODE2173
168139.L,NODE2174
169949.L,NODE2174
134627.L,NODE2174
673455.L,NODE2174
214625.R,NODE2174
673455.R,NODE2174
187143.L,NODE2174
206525.L,NODE2174
299760.L,NODE2174
583858.L,NODE2174
693764.L,NODE2174
132017.L,NODE2174
865363.L,NODE2174
122620.L,NODE2174
140824.L,NODE2174
114823.L,NODE2174
753251.L,NODE2174
100610.L,NODE2174
727654.L,NODE2174
227533.L,NODE2174
814649.L,NODE2174
414229.L,NODE2175
453441.L,NODE2175
153934.L,NODE2175
901139.L,NODE2175
667056.L,NODE2175
990366.L,NODE2175
157437.L,NODE2175
729254.L,NODE2175
194443.L,NODE2175
210112.L,NODE2175
300719.L,NODE2175
589567.L,NODE2175
617748.L,NODE2175
174841.L,NODE2175
567052.L,NODE2175
358144.L,NODE2176
358144.R,NODE2176
150726.L,NODE2176
121719.L,NODE2176
179346.L,NODE2176
576255.L,NODE2176
529953.L,NODE2176
959574.L,NODE2176
118225.L,NODE2176
310621.L,NODE2176
700634.R,NODE2176
700634.L,NODE2176
194847.R,NODE2176
540436.R,NODE2176
569965.R,NODE2176
201515.R,NODE2176
227432.R,NODE2176
213017.L,NODE2176
111514.R,NODE2176
146634.L,NODE2176
698168.L,NODE2176
816653.L,NODE2176
656657.R,NODE2176
224022.L,NODE2176
224022.R,NODE2176
199251.L,NODE2176
677968.L,NODE2176
139637.L,NODE2176
578158.L,NODE2176
562345.R,NODE2176
112819.L,NODE2176
135528.L,NODE2176
413934.L,NODE2176
104416.L,NODE2176
139435.L,NODE2176
481951.L,NODE2176
158843.L,NODE2176
672756.L,NODE2176
150928.L,NODE2176
156637.L,NODE2176
137027.L,NODE2176
151324.L,NODE2176
176744.L,NODE2176
424939.L,NODE2176
149337.L,NODE2176
397154.L,NODE2176
955465.L,NODE2176
205826.L,NODE2176
206929.L,NODE2176
219231.L,NODE2176
123420.L,NODE2176
715647.L,NODE2176
901038.L,NODE2176
223929.L,NODE2176
871964.L,NODE2176
380036.R,NODE2176
154532.L,NODE2176
923755.L,NODE2176
155635.R,NODE2177
348545.R,NODE2177
157336.L,NODE2177
316633.R,NODE2177
872764.L,NODE2177
734247.R,NODE2177
108020.R,NODE2177
141119.R,NODE2177
732243.R,NODE2177
147636.R,NODE2177
788876.R,NODE2177
103111.R,NODE2177
207628.R,NODE2177
453441.R,NODE2177
680250.R,NODE2177
188145.R,NODE2177
192136.R,NODE2177
917255.L,NODE2177
201111.L,NODE2177
170934.L,NODE2177
170934.R,NODE2177
810439.L,NODE2177
751550.R,NODE2177
173233.R,NODE2177
153429.R,NODE2177
304020.R,NODE2177
103515.R,NODE2177
745555.R,NODE2177
833148.R,NODE2177
169747.R,NODE2177
201111.R,NODE2177
158540.R,NODE2177
793465.L,NODE2177
793465.R,NODE2177
479762.R,NODE2177
188448.L,NODE2177
212015.L,NODE2177
200311.R,NODE2177
510225.R,NODE2177
134324.R,NODE2177
212318.R,NODE2177
994273.R,NODE2177
389357.R,NODE2177
516742.R,NODE2177
102715.R,NODE2177
486759.R,NODE2177
727654.R,NODE2177
390645.R,NODE2177
623137.R,NODE2177
725751.R,NODE2177
147030.R,NODE2177
397861.R,NODE2177
307127.R,NODE2177
872562.R,NODE2177
251833.R,NODE2177
366446.R,NODE2177
211821.R,NODE2177
176239.R,NODE2177
102614.R,NODE2177
172635.R,NODE2177
219231.R,NODE2177
815247.R,NODE2177
156435.R,NODE2177
580347.R,NODE2177
680250.L,NODE2177
212318.L,NODE2177
623137.L,NODE2177
212217.L,NODE2177
290136.L,NODE2177
153126.L,NODE2177
169040.L,NODE2177
957974.L,NODE2177
163129.L,NODE2177
183741.L,NODE2177
379657.L,NODE2177
147636.L,NODE2177
255639.L,NODE2177
138231.L,NODE2177
182840.L,NODE2177
172130.R,NODE2177
958976.R,NODE2177
233326.R,NODE2177
833249.L,NODE2177
852455.R,NODE2177
131217.L,NODE2177
861456.R,NODE2177
210415.L,NODE2177
634748.L,NODE2177
126931.R,NODE2177
896778.R,NODE2177
246133.L,NODE2177
735148.L,NODE2177
128632.R,NODE2177
663755.L,NODE2177
210617.R,NODE2177
197550.R,NODE2177
330324.R,NODE2177
208024.R,NODE2177
873968.R,NODE2177
167743.L,NODE2177
884064.L,NODE2177
802844.L,NODE2177
297655.L,NODE2177
322224.R,NODE2177
130922.L,NODE2177
393247.R,NODE2177
204622.R,NODE2177
209127.R,NODE2177
536647.R,NODE2177
870861.L,NODE2177
108525.R,NODE2177
192035.R,NODE2177
877269.R,NODE2177
117324.L,NODE2177
118528.R,NODE2177
614439.L,NODE2177
117324.R,NODE2177
295146.R,NODE2177
118528.L,NODE2177
179952.R,NODE2177
129129.L,NODE2177
119833.R,NODE2177
143325.L,NODE2177
135528.R,NODE2177
179548.R,NODE2177
584355.R,NODE2177
204622.L,NODE2177
211114.R,NODE2177
251833.L,NODE2177
555651.L,NODE2177
175338.R,NODE2178
310621.R,NODE2178
690152.R,NODE2178
849971.R,NODE2178
121921.R,NODE2178
573249.R,NODE2178
185846.R,NODE2178
506234.R,NODE2178
162228.R,NODE2178
211215.R,NODE2178
594156.R,NODE2178
211720.L,NODE2178
211720.R,NODE2178
122317.R,NODE2178
169949.R,NODE2178
202719.R,NODE2178
150625.R,NODE2178
161832.R,NODE2178
520228.R,NODE2178
134627.R,NODE2178
943862.R,NODE2178
106319.R,NODE2178
131823.R,NODE2178
125222.R,NODE2178
381543.R,NODE2178
601127.R,NODE2178
987074.R,NODE2178
124220.R,NODE2178
130720.R,NODE2178
198451.R,NODE2178
320826.R,NODE2178
202113.L,NODE2179
720337.L,NODE2179
128935.L,NODE2179
200311.L,NODE2179
151728.L,NODE2179
615744.L,NODE2179
153025.L,NODE2179
585862.L,NODE2179
126426.L,NODE2179
454140.L,NODE2179
195041.L,NODE2179
680957.L,NODE2179
205220.L,NODE2179
175439.L,NODE2179
321323.L,NODE2179
623844.L,NODE2179
826454.L,NODE2179
139839.L,NODE2179
109325.L,NODE2179
127933.L,NODE2179
204521.L,NODE2179
134324.L,NODE2179
206828.L,NODE2179
124624.L,NODE2179
947668.L,NODE2179
989987.L,NODE2179
852455.L,NODE2179
937160.L,NODE2179
688569.L,NODE2179
843151.L,NODE2179
108323.L,NODE2179
134425.L,NODE2179
185038.L,NODE2179
156031.L,NODE2179
520228.L,NODE2179
844961.L,NODE2179
115320.L,NODE2179
133019.L,NODE2179
500222.L,NODE2179
176441.L,NODE2179
134728.L,NODE2179
148840.L,NODE2179
580347.L,NODE2180
517239.L,NODE2180
792564.L,NODE2180
102109.L,NODE2180
126325.L,NODE2180
139233.L,NODE2180
152831.L,NODE2180
378756.L,NODE2180
103111.L,NODE2180
289555.L,NODE2180
587664.L,NODE2180
201414.L,NODE2180
201414.R,NODE2180
140824.R,NODE2180
113316.R,NODE2180
206222.R,NODE2180
613538.L,NODE2180
667056.R,NODE2180
693461.L,NODE2180
365343.L,NODE2180
162935.R,NODE2180
270332.R,NODE2180
656253.R,NODE2180
153833.L,NODE2180
856968.R,NODE2180
250427.R,NODE2180
167238.R,NODE2180
693461.R,NODE2180
109325.R,NODE2180
238033.R,NODE2180
157437.R,NODE2180
175035.R,NODE2180
441939.R,NODE2180
179346.R,NODE2180
107422.L,NODE2180
529549.L,NODE2180
951457.L,NODE2180
136631.L,NODE2180
212116.L,NODE2180
199352.L,NODE2180
421226.R,NODE2180
196750.L,NODE2180
119126.L,NODE2180
571548.R,NODE2180
221218.R,NODE2180
880157.R,NODE2180
635245.R,NODE2180
130316.R,NODE2180
361234.R,NODE2180
901139.R,NODE2180
129331.L,NODE2180
283543.R,NODE2180
579867.R,NODE2180
888678.R,NODE2180
164636.R,NODE2180
647858.R,NODE2180
149337.R,NODE2180
578158.R,NODE2180
141422.R,NODE2180
467351.R,NODE2180
614439.R,NODE2180
213421.L,NODE2180
604537.R,NODE2180
164636.L,NODE2180
192641.L,NODE2180
146937.R,NODE2180
366446.L,NODE2180
727553.R,NODE2180
188751.L,NODE2180
146533.L,NODE2180
872158.L,NODE2180
187345.L,NODE2180
513736.L,NODE2180
378857.L,NODE2180
124220.L,NODE2180
865363.R,NODE2180
387959.L,NODE2180
381038.L,NODE2180
465852.L,NODE2180
138332.R,NODE2180
303119.R,NODE2180
281135.R,NODE2180
153227.R,NODE2180
828862.R,NODE2180
694362.L,NODE2180
672756.R,NODE2180
237334.L,NODE2180
529549.R,NODE2180
969476.R,NODE2180
952863.L,NODE2180
992774.R,NODE2180
204218.R,NODE2180
198653.L,NODE2180
705341.R,NODE2180
175035.L,NODE2180
196750.R,NODE2180
116524.R,NODE2180
397760.R,NODE2180
159845.R,NODE2180
385046.R,NODE2180
151425.R,NODE2180
627852.R,NODE2180
350330.R,NODE2180
356948.R,NODE2180
749058.L,NODE2180
188751.R,NODE2180
650746.R,NODE2180
308129.R,NODE2180
663755.R,NODE2180
570243.R,NODE2180
124826.R,NODE2180
178142.R,NODE2180
856968.L,NODE2180
480141.L,NODE2180
173132.R,NODE2180
749361.L,NODE2180
105216.R,NODE2180
580650.L,NODE2180
911849.R,NODE2180
130114.L,NODE2180
645551.L,NODE2180
209834.R,NODE2180
214524.R,NODE2180
159138.R,NODE2180
859671.R,NODE2180
117930.R,NODE2180
143527.R,NODE2180
465852.R,NODE2180
585256.R,NODE2180
134829.R,NODE2180
173738.R,NODE2180
352738.R,NODE2180
449753.R,NODE2180
391748.R,NODE2180
731140.R,NODE2180
978578.L,NODE2180
978578.R,NODE2180
121315.L,NODE2180
121315.R,NODE2180
480141.R,NODE2180
146533.R,NODE2180
566454.R,NODE2180
113922.R,NODE2180
182739.R,NODE2180
140925.R,NODE2180
645551.R,NODE2180
183034.R,NODE2180
485757.R,NODE2180
826353.R,NODE2180
111211.R,NODE2180
433839.R,NODE2180
149741.R,NODE2180
361941.R,NODE2180
186040.L,NODE2180
701535.L,NODE2180
993675.L,NODE2180
683256.R,NODE2180
993675.R,NODE2180
208630.R,NODE2180
336841.R,NODE2180
168139.R,NODE2180
117122.R,NODE2180
255639.R,NODE2180
156334.R,NODE2180
833249.R,NODE2180
227533.R,NODE2180
590047.R,NODE2180
211619.R,NODE2180
119126.R,NODE2180
176441.R,NODE2180
159239.R,NODE2180
132017.R,NODE2180
249947.R,NODE2180
761957.L,NODE2180
149236.R,NODE2180
129432.R,NODE2180
120010.R,NODE2180
159946.R,NODE2180
103414.R,NODE2180
633847.R,NODE2180
767464.R,NODE2180
286650.R,NODE2180
784565.R,NODE2180
286347.R,NODE2180
212419.R,NODE2180
567961.R,NODE2180
733548.R,NODE2180
164131.R,NODE2180
311320.R,NODE2180
159744.R,NODE2180
203923.R,NODE2180
206929.R,NODE2180
123420.R,NODE2180
197449.R,NODE2180
972566.R,NODE2180
133625.L,NODE2180
124624.R,NODE2180
156233.R,NODE2180
131217.R,NODE2180
166640.R,NODE2180
143325.R,NODE2180
195445.R,NODE2180
180533.R,NODE2180
129533.R,NODE2180
825654.R,NODE2180
158843.R,NODE2180
175136.R,NODE2180
126628.R,NODE2180
481951.R,NODE2180
208226.R,NODE2180
904044.R,NODE2180
128935.R,NODE2180
519950.R,NODE2180
154431.R,NODE2180
114318.R,NODE2180
116120.R,NODE2180
559053.R,NODE2180
553344.L,NODE2180
553344.R,NODE2180
144226.R,NODE2180
191033.R,NODE2180
203418.R,NODE2180
173637.L,NODE2180
144125.R,NODE2180
118932.R,NODE2180
130013.R,NODE2180
137633.R,NODE2180
250932.R,NODE2180
734045.R,NODE2180
996782.R,NODE2180
171431.L,NODE2180
171431.R,NODE2180
280739.L,NODE2180
680452.R,NODE2180
521331.L,NODE2180
547046.R,NODE2180
137532.L,NODE2180
715950.R,NODE2180
213421.R,NODE2180
845458.L,NODE2180
103818.R,NODE2180
510326.L,NODE2180
827052.L,NODE2180
181232.L,NODE2180
160729.L,NODE2180
160729.R,NODE2180
683256.L,NODE2180
130417.R,NODE2180
419239.L,NODE2180
355542.R,NODE2180
194443.R,NODE2180
308331.R,NODE2180
144933.R,NODE2180
522434.R,NODE2180
191942.R,NODE2180
869472.R,NODE2180
118831.R,NODE2180
905147.R,NODE2180
585862.R,NODE2180
125424.R,NODE2180
191437.R,NODE2180
126426.R,NODE2180
321323.R,NODE2180
744553.R,NODE2180
760551.R,NODE2180
103212.R,NODE2180
877168.R,NODE2180
136833.R,NODE2180
620434.R,NODE2180
131621.R,NODE2180
207426.R,NODE2180
175439.R,NODE2180
835657.R,NODE2180
552544.L,NODE2180
552544.R,NODE2180
113417.R,NODE2180
894067.R,NODE2180
333330.R,NODE2180
468050.R,NODE2180
929464.R,NODE2180
953764.R,NODE2180
280739.R,NODE2180
707749.R,NODE2180
139233.R,NODE2180
196851.R,NODE2180
203721.R,NODE2180
499566.L,NODE2180
395251.R,NODE2180
429040.L,NODE2180
429040.R,NODE2180
177140.L,NODE2180
275645.L,NODE2180
395756.L,NODE2180
135225.L,NODE2180
137532.R,NODE2180
123925.R,NODE2180
180432.R,NODE2180
107321.R,NODE2180
567759.R,NODE2180
454140.R,NODE2180
268850.R,NODE2180
192540.L,NODE2180
211316.R,NODE2180
832651.R,NODE2180
199453.R,NODE2180
212823.R,NODE2180
236130.R,NODE2180
827052.R,NODE2180
153732.R,NODE2180
395756.R,NODE2180
163129.R,NODE2180
609143.R,NODE2180
333330.L,NODE2180
885975.L,NODE2180
192641.R,NODE2180
177342.L,NODE2180
723141.L,NODE2180
562446.L,NODE2180
896879.L,NODE2180
394956.L,NODE2180
381038.R,NODE2180
878877.R,NODE2180
885975.R,NODE2180
120414.L,NODE2180
120414.R,NODE2180
353740.R,NODE2180
366042.R,NODE2180
334635.R,NODE2180
919966.R,NODE2180
972566.L,NODE2180
907656.R,NODE2180
211922.L,NODE2180
825048.L,NODE2180
756055.L,NODE2180
204521.R,NODE2180
160123.L,NODE2180
192540.R,NODE2180
151627.L,NODE2180
110411.R,NODE2180
180230.L,NODE2180
151728.R,NODE2180
190031.R,NODE2180
378857.R,NODE2180
146735.L,NODE2180
664757.R,NODE2180
170631.R,NODE2180
217126.R,NODE2180
159340.R,NODE2180
171734.R,NODE2180
497865.R,NODE2180
706040.L,NODE2180
178647.R,NODE2180
146735.R,NODE2180
205220.R,NODE2180
123925.L,NODE2180
134021.L,NODE2180
163331.R,NODE2180
304727.R,NODE2180
654754.R,NODE2180
849264.R,NODE2180
316633.L,NODE2180
120717.R,NODE2180
173940.R,NODE2180
679568.R,NODE2180
209228.R,NODE2180
765864.R,NODE2180
401422.L,NODE2180
196144.R,NODE2180
214019.R,NODE2180
203923.L,NODE2180
145834.R,NODE2180
153833.R,NODE2180
562446.R,NODE2180
822244.R,NODE2180
789373.L,NODE2180
549757.R,NODE2180
186040.R,NODE2180
557857.R,NODE2180
990366.R,NODE2180
285446.L,NODE2180
188145.L,NODE2180
889579.R,NODE2180
116726.L,NODE2180
177241.L,NODE2180
307127.L,NODE2180
704238.L,NODE2180
223929.R,NODE2180
285446.R,NODE2180
178950.R,NODE2180
615441.R,NODE2180
720337.R,NODE2180
151526.R,NODE2180
561242.R,NODE2180
112314.R,NODE2180
586460.R,NODE2180
201818.R,NODE2180
757764.R,NODE2180
100610.R,NODE2180
379657.R,NODE2180
618952.R,NODE2180
188448.R,NODE2180
856766.R,NODE2180
129937.L,NODE2180
129937.R,NODE2180
151627.R,NODE2180
983773.R,NODE2180
137431.R,NODE2180
843151.R,NODE2180
314225.R,NODE2180
492754.R,NODE2180
898176.R,NODE2180
468050.L,NODE2180
239136.R,NODE2180
567052.R,NODE2180
962058.R,NODE2180
809252.R,NODE2180
148335.R,NODE2180
709551.R,NODE2180
168947.R,NODE2180
200008.R,NODE2180
932554.R,NODE2180
178849.R,NODE2180
150524.R,NODE2180
462139.R,NODE2180
200917.L,NODE2181
599065.L,NODE2181
102614.L,NODE2181
299154.R,NODE2181
171633.L,NODE2181
679568.L,NODE2181
774663.R,NODE2181
973770.R,NODE2181
361941.L,NODE2181
284646.R,NODE2181
965367.R,NODE2181
102311.L,NODE2181
573451.L,NODE2181
212823.L,NODE2181
346945.L,NODE2181
115724.L,NODE2181
154936.L,NODE2181
180129.L,NODE2181
586460.L,NODE2181
385450.L,NODE2181
880157.L,NODE2181
185341.L,NODE2181
270332.L,NODE2181
180533.L,NODE2181
298051.L,NODE2181
281135.L,NODE2181
825654.L,NODE2181
140420.L,NODE2181
140420.R,NODE2181
249947.L,NODE2181
599469.L,NODE2181
208327.L,NODE2181
182032.L,NODE2181
992774.L,NODE2181
105923.L,NODE2181
168240.L,NODE2181
818455.L,NODE2181
286650.L,NODE2181
325129.L,NODE2181
395958.L,NODE2181
397760.L,NODE2181
116524.L,NODE2181
111413.R,NODE2181
160830.L,NODE2181
856766.L,NODE2181
545345.L,NODE2181
680452.L,NODE2181
191235.L,NODE2181
185038.R,NODE2181
211619.L,NODE2181
355239.L,NODE2181
580044.L,NODE2181
186141.L,NODE2181
953764.L,NODE2181
103212.L,NODE2181
204016.L,NODE2181
149842.L,NODE2181
555954.L,NODE2181
911849.L,NODE2181
320826.L,NODE2181
116221.L,NODE2181
475855.L,NODE2181
140117.L,NODE2181
654552.L,NODE2181
129533.L,NODE2181
733548.L,NODE2181
146432.L,NODE2181
969476.L,NODE2181
597869.L,NODE2182
995174.L,NODE2182
506234.L,NODE2182
214423.L,NODE2182
531536.L,NODE2182
579665.L,NODE2182
167238.L,NODE2182
257542.L,NODE2182
376247.L,NODE2182
792867.L,NODE2182
131823.L,NODE2182
518746.L,NODE2182
155938.L,NODE2182
886674.L,NODE2182
191336.L,NODE2182
512835.L,NODE2182
101410.L,NODE2182
144226.L,NODE2182
702133.L,NODE2182
196346.L,NODE2182
380036.L,NODE2182
541640.L,NODE2182
705341.L,NODE2182
130417.L,NODE2182
103010.L,NODE2182
186545.L,NODE2182
157942.L,NODE2182
588565.L,NODE2182
101309.L,NODE2182
164030.L,NODE2182
627549.L,NODE2182
548250.L,NODE2182
166640.L,NODE2182
316835.L,NODE2182
421226.L,NODE2182
136833.L,NODE2182
783462.L,NODE2182
169141.L,NODE2182
203418.L,NODE2182
140319.L,NODE2182
150625.L,NODE2182
171330.L,NODE2183
393550.L,NODE2183
173334.L,NODE2183
763557.L,NODE2183
133827.L,NODE2183
162228.L,NODE2183
812746.L,NODE2183
685058.L,NODE2183
161630.L,NODE2183
479762.L,NODE2183
557857.L,NODE2183
141422.L,NODE2183
156435.L,NODE2183
195445.L,NODE2183
141119.L,NODE2183
342129.L,NODE2183
810843.L,NODE2183
100408.L,NODE2183
329440.L,NODE2183
119025.L,NODE2183
300618.L,NODE2183
314225.L,NODE2183
113316.L,NODE2183
910443.L,NODE2183
789373.R,NODE2184
165638.R,NODE2184
837560.R,NODE2184
926862.L,NODE2184
108121.R,NODE2184
106319.L,NODE2184
188347.R,NODE2184
803240.R,NODE2184
113215.R,NODE2184
214221.L,NODE2184
214221.R,NODE2184
580751.L,NODE2184
580751.R,NODE2184
617748.R,NODE2184
927359.R,NODE2184
208125.L,NODE2184
962058.L,NODE2184
193441.R,NODE2184
604537.L,NODE2184
186949.R,NODE2184
148436.R,NODE2184
134728.R,NODE2184
195849.R,NODE2184
318637.R,NODE2184
149539.R,NODE2184
728454.R,NODE2184
182840.R,NODE2184
115825.R,NODE2184
186141.R,NODE2184
141826.R,NODE2184
198047.R,NODE2184
360030.R,NODE2184
613538.R,NODE2184
436845.L,NODE2184
104012.R,NODE2184
107018.R,NODE2184
118023.R,NODE2184
198350.R,NODE2184
134223.R,NODE2184
189450.R,NODE2184
116423.R,NODE2184
414229.R,NODE2184
110007.R,NODE2184
134021.R,NODE2184
122418.L,NODE2184
153126.R,NODE2184
153934.R,NODE2184
106016.R,NODE2184
168240.R,NODE2184
107220.R,NODE2184
162733.R,NODE2184
111312.R,NODE2184
183337.R,NODE2184
106521.R,NODE2184
187547.R,NODE2184
555651.R,NODE2184
856463.R,NODE2184
130619.R,NODE2184
644246.R,NODE2184
189349.R,NODE2184
565452.R,NODE2184
136732.R,NODE2184
512835.R,NODE2184
146836.L,NODE2184
814649.R,NODE2184
590047.L,NODE2184
145127.R,NODE2184
166438.R,NODE2184
769064.R,NODE2184
144731.L,NODE2184
144731.R,NODE2184
228434.R,NODE2184
391748.L,NODE2184
572045.R,NODE2184
991267.R,NODE2184
104012.L,NODE2184
692964.R,NODE2184
800941.R,NODE2184
677766.R,NODE2184
706040.R,NODE2184
165436.L,NODE2184
205725.L,NODE2184
172332.R,NODE2184
193845.R,NODE2184
599065.R,NODE2184
773257.R,NODE2184
930449.R,NODE2184
704238.R,NODE2184
753251.R,NODE2184
135629.R,NODE2184
342129.R,NODE2184
810843.R,NODE2184
143426.R,NODE2184
162329.R,NODE2184
298455.R,NODE2184
524135.R,NODE2184
899885.R,NODE2184
142424.R,NODE2184
150423.R,NODE2184
200210.R,NODE2184
448347.R,NODE2184
686969.R,NODE2184
620434.L,NODE2184
126931.L,NODE2184
336841.L,NODE2184
371843.L,NODE2184
812746.R,NODE2184
173839.L,NODE2184
106521.L,NODE2184
671855.L,NODE2184
180432.L,NODE2184
177140.R,NODE2184
305830.L,NODE2184
522434.L,NODE2184
154229.L,NODE2184
782157.L,NODE2184
361234.L,NODE2184
473952.L,NODE2184
473952.R,NODE2184
197348.L,NODE2184
919966.L,NODE2184
143830.L,NODE2184
117021.R,NODE2184
492754.L,NODE2184
105216.L,NODE2184
117122.L,NODE2184
125525.L,NODE2184
200008.L,NODE2184
104820.L,NODE2184
107321.L,NODE2184
135932.L,NODE2184
385450.R,NODE2184
102513.L,NODE2184
759869.L,NODE2184
143527.L,NODE2184
481042.L,NODE2184
125525.R,NODE2184
192439.R,NODE2184
609143.L,NODE2184
110007.L,NODE2184
412528.L,NODE2184
130720.L,NODE2184
221218.L,NODE2184
304727.L,NODE2184
530635.L,NODE2184
757764.L,NODE2184
905147.L,NODE2184
159946.L,NODE2184
133019.R,NODE2184
168745.R,NODE2184
788674.L,NODE2184
779370.L,NODE2184
189652.R,NODE2184
121820.L,NODE2184
121820.R,NODE2184
567759.L,NODE2184
627549.R,NODE2184
585256.L,NODE2184
144832.L,NODE2184
146937.L,NODE2184
202820.L,NODE2184
130821.L,NODE2184
123117.L,NODE2184
894673.R,NODE2184
594156.L,NODE2184
389357.L,NODE2184
611231.L,NODE2184
154936.R,NODE2184
654552.R,NODE2184
137128.L,NODE2184
182436.L,NODE2184
118124.R,NODE2184
118023.L,NODE2184
107725.R,NODE2184
127731.R,NODE2184
185947.R,NODE2184
200109.L,NODE2184
599671.R,NODE2184
